CustomerID,Name,Age,DateOfBirth,Country,State,District,Pincode,Address,Gender
1,Fatima Lee,39,12-03-1986,Mexico,Jalisco,Guadalajara,70255,610 Maple St,Male
2,Linda Martinez,53,07-06-1972,UK,Scotland,Glasgow,68957,896 Oak St,Female
3,Amit Johnson,63,22-09-1962,UK,England,Manchester,74550,946 Main St,Female
4,John Mendoza,19,25-10-2006,USA,New York,New York,67463,26 Maple St,Male
5,Maria Lee,26,25-04-1999,UK,England,London,74875,343 Hill St,Female
6,Carlos Williams,36,20-02-1989,USA,New York,Rochester,36147,287 Cedar St,Male
7,Carlos Davis,34,27-10-1991,Mexico,Mexico City,Mexico City,30159,67 Hill St,Male
8,Jane Smith,22,19-08-2003,UK,Scotland,Glasgow,13658,869 Main St,Male
9,Maria Johnson,66,28-08-1959,Canada,Quebec,Montreal,60821,157 Oak St,Male
10,Maria Patel,56,16-09-1969,Canada,Quebec,Montreal,38528,497 Elm St,Male
11,Alex Patel,58,06-03-1967,Mexico,Mexico City,Mexico City,69901,262 Elm St,Male
12,Amit Smith,32,01-08-1993,Canada,Quebec,Quebec City,36579,575 Pine St,Female
13,Jane Patel,55,20-08-1970,Canada,Quebec,Quebec City,27882,482 Washington St,Female
14,Emily Patel,62,07-08-1963,India,Maharashtra,Mumbai,859884,151 Pine St,Female
15,Mohammed Singh,40,07-02-1985,UK,Scotland,Edinburgh,85056,58 Oak St,Male
16,David Singh,22,28-11-2003,UK,Scotland,Glasgow,35973,173 Sunset St,Male
17,John Martinez,30,07-08-1995,UK,Scotland,Glasgow,17424,969 Cedar St,Female
18,Fatima Garcia,64,03-11-1961,Canada,Ontario,Toronto,20128,865 Lake St,Female
19,Robert Mendoza,20,25-12-2005,Mexico,Jalisco,Guadalajara,99358,132 Oak St,Female
20,Robert Gupta,58,28-11-1967,Canada,Quebec,Montreal,79089,308 Elm St,Female
21,Robert Mendoza,56,11-06-1969,UK,Scotland,Edinburgh,72935,233 Washington St,Female
22,Mohammed Doe,28,26-04-1997,India,Maharashtra,Pune,316749,551 Pine St,Female
23,John Martinez,40,11-06-1985,USA,California,Los Angeles,10992,848 Cedar St,Male
24,John Kumar,25,12-07-2000,USA,New York,New York,96322,822 Elm St,Female
25,Emily Mendoza,45,11-09-1980,India,Maharashtra,Mumbai,481083,232 Cedar St,Male
26,Jane Gupta,55,16-07-1970,Mexico,Mexico City,Mexico City,67984,317 Main St,Female
27,Amit Patel,18,12-08-2007,USA,Texas,Dallas,64602,388 Elm St,Female
28,Carlos Brown,26,27-12-1999,India,Karnataka,Mysore,327501,716 Pine St,Male
29,Maria Gupta,67,03-05-1958,UK,Scotland,Edinburgh,54451,25 Pine St,Male
30,Linda Patel,39,09-09-1986,India,Maharashtra,Mumbai,942861,927 Main St,Female
31,Sophia Lee,36,17-07-1989,USA,New York,New York,16312,600 Lake St,Male
32,Jane Garcia,40,17-08-1985,Mexico,Jalisco,Puerto Vallarta,71348,613 Cedar St,Female
33,David Davis,63,22-06-1962,India,Telangana,Warangal,417399,767 Pine St,Male
34,John Singh,56,22-05-1969,Mexico,Mexico City,Mexico City,49480,897 Oak St,Female
35,David Singh,47,06-04-1978,India,Maharashtra,Mumbai,106415,375 Elm St,Male
36,Fatima Johnson,62,12-11-1963,USA,Texas,Austin,36608,557 Sunset St,Female
37,Mohammed Brown,34,21-05-1991,India,Karnataka,Mysore,147909,830 Oak St,Female
38,Sophia Davis,49,09-06-1976,Canada,Quebec,Montreal,49381,645 Maple St,Female
39,Mohammed Kumar,60,28-07-1965,USA,Texas,Austin,81756,336 Elm St,Male
40,Robert Singh,42,15-01-1983,India,Telangana,Hyderabad,218707,843 Hill St,Female
41,Emily Gupta,21,17-09-2004,UK,Scotland,Glasgow,81635,741 Main St,Male
42,David Gupta,38,16-03-1987,Mexico,Jalisco,Puerto Vallarta,19331,622 Cedar St,Female
43,Maria Garcia,69,22-01-1956,Canada,Quebec,Quebec City,96971,509 Main St,Male
44,John Martinez,49,01-12-1976,Mexico,Jalisco,Puerto Vallarta,53332,306 Elm St,Female
45,Carlos Singh,28,19-03-1997,USA,Texas,Austin,60387,146 Sunset St,Male
46,Mohammed Singh,28,15-08-1997,India,Karnataka,Mysore,604225,248 Pine St,Male
47,Fatima Davis,22,12-08-2003,USA,New York,New York,29027,675 Hill St,Female
48,David Mendoza,58,08-03-1967,Canada,Quebec,Quebec City,15792,301 Washington St,Male
49,Priya Johnson,20,22-08-2005,India,Karnataka,Mysore,874457,950 Pine St,Female
50,Rahul Gupta,58,24-04-1967,Canada,Ontario,Ottawa,94190,816 Hill St,Female
51,Maria Mendoza,63,02-05-1962,Canada,Quebec,Montreal,59584,298 Pine St,Female
52,Priya Patel,19,13-01-2006,India,Karnataka,Bangalore,700499,450 Cedar St,Female
53,Carlos Johnson,39,14-04-1986,India,Karnataka,Mysore,759989,958 Lake St,Female
54,Jane Doe,69,24-05-1956,Canada,Ontario,Ottawa,40162,605 Washington St,Male
55,Alex Gupta,36,25-11-1989,USA,Texas,Austin,82049,620 Washington St,Male
56,Alex Brown,50,07-05-1975,India,Telangana,Hyderabad,353954,348 Cedar St,Male
57,Jane Doe,43,17-04-1982,UK,England,Birmingham,86453,494 Maple St,Female
58,Emily Williams,18,04-07-2007,Mexico,Mexico City,Mexico City,18187,770 Maple St,Male
59,Jane Mendoza,20,24-03-2005,USA,New York,New York,79742,412 Lake St,Female
60,Robert Williams,64,12-08-1961,Mexico,Jalisco,Puerto Vallarta,61203,673 Elm St,Male
61,Jane Patel,68,28-11-1957,Canada,Quebec,Montreal,12710,545 Main St,Female
62,Amit Garcia,69,06-02-1956,USA,California,San Francisco,85050,628 Maple St,Male
63,Maria Patel,50,14-03-1975,USA,California,Los Angeles,58123,995 Oak St,Male
64,David Martinez,48,21-10-1977,India,Maharashtra,Mumbai,106525,512 Elm St,Female
65,Priya Johnson,36,09-09-1989,USA,New York,Rochester,17138,363 Main St,Male
66,Jane Lee,18,10-01-2007,Canada,Quebec,Quebec City,72617,917 Oak St,Female
67,John Singh,27,02-10-1998,Mexico,Mexico City,Mexico City,87160,388 Washington St,Female
68,Maria Brown,30,26-08-1995,Canada,Ontario,Hamilton,10060,411 Oak St,Female
69,Rahul Mendoza,40,03-07-1985,Mexico,Jalisco,Guadalajara,29563,39 Washington St,Male
70,John Martinez,66,21-12-1959,Canada,Ontario,Hamilton,43978,99 Maple St,Female
71,Emily Lee,31,04-09-1994,UK,Scotland,Glasgow,82824,86 Maple St,Female
72,Alex Doe,55,21-11-1970,USA,Texas,Houston,55006,515 Cedar St,Male
73,Carlos Patel,49,25-08-1976,Mexico,Mexico City,Mexico City,73687,434 Elm St,Male
74,Amit Singh,35,14-02-1990,UK,Scotland,Edinburgh,40458,214 Cedar St,Female
75,John Kumar,51,27-02-1974,Canada,Quebec,Montreal,50138,597 Elm St,Male
76,Alex Mendoza,19,21-01-2006,India,Karnataka,Bangalore,693775,726 Washington St,Female
77,Fatima Gupta,42,24-06-1983,UK,England,London,42701,611 Maple St,Male
78,Fatima Doe,66,18-12-1959,India,Telangana,Hyderabad,670724,898 Hill St,Female
79,Mohammed Smith,56,28-06-1969,Canada,Quebec,Montreal,32067,713 Oak St,Male
80,Fatima Garcia,28,12-05-1997,USA,New York,New York,23208,596 Pine St,Female
81,Emily Martinez,24,07-05-2001,USA,Texas,Austin,32929,565 Elm St,Female
82,John Lee,51,24-04-1974,USA,California,San Diego,63009,81 Pine St,Male
83,Linda Smith,58,07-03-1967,India,Telangana,Warangal,780980,411 Lake St,Male
84,Amit Martinez,29,10-01-1996,UK,England,Birmingham,59966,189 Washington St,Male
85,Sophia Smith,20,26-04-2005,UK,Scotland,Edinburgh,18354,982 Maple St,Male
86,Robert Kumar,55,14-02-1970,UK,Scotland,Glasgow,93727,561 Sunset St,Male
87,Maria Smith,66,19-03-1959,India,Telangana,Hyderabad,154831,635 Pine St,Male
88,Fatima Williams,54,06-07-1971,USA,Texas,Austin,23200,707 Hill St,Male
89,Carlos Singh,34,06-10-1991,Canada,Ontario,Toronto,37114,600 Pine St,Male
90,Rahul Gupta,55,14-09-1970,UK,England,Birmingham,66732,420 Oak St,Male
91,Jane Smith,39,12-04-1986,Canada,Ontario,Toronto,49159,547 Main St,Female
92,Emily Kumar,29,24-06-1996,UK,Scotland,Glasgow,95074,922 Pine St,Female
93,Carlos Mendoza,32,15-02-1993,UK,Scotland,Edinburgh,97467,110 Lake St,Female
94,Rahul Brown,48,17-11-1977,Mexico,Mexico City,Mexico City,83192,521 Elm St,Female
95,Linda Mendoza,59,08-10-1966,USA,Texas,Austin,42541,325 Sunset St,Male
96,Emily Williams,57,17-09-1968,USA,Texas,Austin,75266,135 Elm St,Female
97,Mohammed Doe,63,13-11-1962,Canada,Ontario,Toronto,42311,295 Elm St,Male
98,Rahul Singh,35,05-10-1990,India,Maharashtra,Pune,121114,802 Lake St,Male
99,Maria Martinez,33,22-06-1992,Mexico,Jalisco,Puerto Vallarta,87572,169 Main St,Female
100,Priya Williams,33,19-10-1992,USA,California,San Francisco,79269,924 Maple St,Female
101,Rahul Gupta,42,17-03-1983,Mexico,Jalisco,Guadalajara,30302,12 Main St,Male
102,Rahul Singh,23,13-05-2002,Mexico,Mexico City,Mexico City,20827,533 Pine St,Male
103,Fatima Mendoza,65,23-04-1960,India,Telangana,Warangal,232064,169 Washington St,Female
104,Carlos Williams,42,18-12-1983,India,Telangana,Hyderabad,215029,504 Main St,Female
105,Maria Singh,57,06-09-1968,Canada,Quebec,Quebec City,79937,306 Elm St,Male
106,Fatima Patel,54,03-07-1971,Canada,Ontario,Ottawa,74641,48 Oak St,Male
107,David Smith,21,04-06-2004,Canada,Quebec,Quebec City,36892,645 Maple St,Male
108,Amit Garcia,18,25-08-2007,UK,England,Birmingham,24269,563 Maple St,Male
109,Fatima Patel,63,15-01-1962,India,Karnataka,Mysore,194455,642 Sunset St,Male
110,Emily Smith,63,07-05-1962,UK,England,Manchester,10525,530 Washington St,Female
111,Emily Williams,57,24-06-1968,Canada,Ontario,Hamilton,73491,533 Lake St,Female
112,Sophia Mendoza,67,05-02-1958,USA,New York,Buffalo,47464,608 Elm St,Male
113,Amit Williams,46,22-12-1979,Mexico,Mexico City,Mexico City,20826,772 Lake St,Female
114,Fatima Gupta,55,13-09-1970,India,Telangana,Hyderabad,698152,796 Elm St,Female
115,Mohammed Brown,46,05-08-1979,Canada,Quebec,Montreal,85882,644 Pine St,Male
116,Jane Mendoza,41,06-08-1984,Mexico,Mexico City,Mexico City,67783,202 Pine St,Female
117,Rahul Mendoza,59,05-08-1966,India,Telangana,Hyderabad,393646,402 Main St,Male
118,John Johnson,37,19-12-1988,Mexico,Jalisco,Guadalajara,23722,154 Pine St,Female
119,Alex Mendoza,66,17-08-1959,UK,Scotland,Edinburgh,88919,756 Maple St,Male
120,Alex Smith,62,18-02-1963,Canada,Quebec,Montreal,56054,986 Lake St,Female
121,Maria Davis,24,21-07-2001,UK,Scotland,Glasgow,98120,836 Oak St,Male
122,Amit Davis,27,27-08-1998,UK,England,London,80378,872 Main St,Male
123,Alex Lee,47,25-10-1978,India,Telangana,Warangal,677863,726 Main St,Male
124,Emily Garcia,48,06-12-1977,USA,Texas,Austin,23355,909 Hill St,Male
125,Priya Williams,38,05-06-1987,USA,California,San Diego,22919,78 Sunset St,Male
126,Sophia Singh,28,18-11-1997,USA,New York,Buffalo,83677,456 Pine St,Male
127,Jane Martinez,26,27-01-1999,USA,Texas,Austin,66039,826 Main St,Male
128,Sophia Williams,62,23-12-1963,Mexico,Jalisco,Guadalajara,86585,636 Elm St,Female
129,Fatima Doe,57,17-10-1968,UK,England,London,60434,759 Pine St,Male
130,John Kumar,58,02-05-1967,Canada,Quebec,Quebec City,95108,635 Washington St,Male
131,Priya Doe,50,12-02-1975,Canada,Quebec,Quebec City,45824,322 Hill St,Female
132,Amit Garcia,56,17-02-1969,UK,Scotland,Glasgow,75396,329 Pine St,Male
133,Priya Mendoza,61,23-09-1964,Mexico,Mexico City,Mexico City,97405,387 Main St,Female
134,Linda Brown,60,13-03-1965,Canada,Quebec,Montreal,36493,890 Oak St,Female
135,David Mendoza,20,24-04-2005,USA,New York,Buffalo,18452,177 Hill St,Female
136,John Mendoza,36,16-12-1989,Mexico,Jalisco,Puerto Vallarta,84360,376 Maple St,Male
137,Priya Garcia,69,17-12-1956,UK,England,London,18479,295 Lake St,Male
138,Priya Brown,56,08-02-1969,UK,England,Manchester,64865,512 Oak St,Female
139,David Doe,21,05-06-2004,UK,Scotland,Glasgow,51436,885 Oak St,Male
140,Alex Davis,47,09-01-1978,UK,Scotland,Edinburgh,19222,283 Oak St,Male
141,Alex Doe,29,06-03-1996,Canada,Ontario,Ottawa,92237,731 Pine St,Male
142,Carlos Kumar,57,02-06-1968,Mexico,Jalisco,Puerto Vallarta,11933,690 Maple St,Female
143,Linda Kumar,38,05-12-1987,Mexico,Jalisco,Guadalajara,49146,379 Hill St,Male
144,Sophia Singh,70,17-01-1955,UK,Scotland,Edinburgh,71468,912 Pine St,Male
145,Mohammed Mendoza,33,10-02-1992,Canada,Ontario,Ottawa,78010,397 Pine St,Female
146,Alex Doe,34,26-11-1991,USA,Texas,Dallas,49703,617 Pine St,Female
147,Mohammed Davis,27,18-03-1998,USA,Texas,Houston,16213,690 Cedar St,Female
148,John Martinez,63,07-05-1962,USA,California,San Diego,84205,853 Maple St,Male
149,Mohammed Singh,69,20-10-1956,Mexico,Mexico City,Mexico City,68121,352 Oak St,Male
150,Amit Johnson,38,06-12-1987,UK,Scotland,Edinburgh,33692,746 Pine St,Female
151,Priya Johnson,49,16-05-1976,Mexico,Jalisco,Guadalajara,99603,149 Lake St,Female
152,Jane Doe,61,25-12-1964,USA,New York,New York,47270,182 Hill St,Female
153,Alex Martinez,29,27-07-1996,UK,England,London,36234,474 Elm St,Male
154,Alex Singh,26,19-02-1999,UK,England,Manchester,13202,132 Sunset St,Male
155,Fatima Smith,59,17-10-1966,USA,New York,Rochester,63091,428 Washington St,Male
156,Priya Smith,68,23-04-1957,India,Karnataka,Bangalore,830198,711 Washington St,Male
157,Alex Johnson,62,25-07-1963,Canada,Ontario,Ottawa,15589,399 Hill St,Female
158,David Williams,67,22-02-1958,India,Telangana,Hyderabad,341706,891 Main St,Male
159,Emily Kumar,53,01-09-1972,USA,New York,New York,70342,859 Maple St,Female
160,Priya Brown,31,19-07-1994,USA,Texas,Dallas,92891,997 Oak St,Female
161,Emily Davis,55,26-02-1970,USA,New York,New York,43809,310 Cedar St,Female
162,Robert Doe,66,25-10-1959,UK,England,Manchester,47000,170 Sunset St,Male
163,Fatima Patel,48,16-08-1977,Mexico,Jalisco,Puerto Vallarta,11529,342 Maple St,Male
164,David Davis,44,06-04-1981,UK,England,Birmingham,46849,23 Hill St,Male
165,Alex Kumar,43,13-02-1982,Canada,Ontario,Ottawa,16935,317 Sunset St,Male
166,Linda Smith,31,06-07-1994,USA,Texas,Houston,77138,67 Sunset St,Female
167,Priya Garcia,66,26-07-1959,UK,Scotland,Glasgow,50980,654 Sunset St,Male
168,Fatima Gupta,49,17-11-1976,Canada,Ontario,Toronto,32651,747 Main St,Female
169,Jane Martinez,23,18-07-2002,USA,Texas,Dallas,50298,334 Lake St,Female
170,Mohammed Lee,51,21-02-1974,India,Karnataka,Mysore,532231,843 Elm St,Female
171,Maria Garcia,50,16-10-1975,UK,Scotland,Edinburgh,64816,413 Maple St,Female
172,Fatima Smith,28,21-08-1997,USA,California,San Francisco,25714,945 Main St,Female
173,Linda Garcia,19,28-03-2006,India,Telangana,Warangal,117969,347 Hill St,Female
174,Rahul Kumar,43,02-10-1982,USA,Texas,Houston,94099,527 Maple St,Male
175,Robert Gupta,57,11-07-1968,USA,Texas,Houston,68266,606 Hill St,Male
176,Sophia Williams,23,07-06-2002,Canada,Quebec,Montreal,22557,104 Main St,Male
177,Maria Gupta,25,06-02-2000,Canada,Quebec,Quebec City,19378,461 Pine St,Male
178,Alex Gupta,41,01-11-1984,India,Maharashtra,Pune,252006,267 Maple St,Male
179,Sophia Patel,33,07-04-1992,Mexico,Mexico City,Mexico City,37652,697 Hill St,Male
180,John Brown,65,17-10-1960,USA,New York,Buffalo,89698,17 Cedar St,Male
181,Carlos Brown,51,27-12-1974,India,Telangana,Hyderabad,919382,99 Oak St,Male
182,Linda Martinez,70,22-06-1955,Canada,Quebec,Quebec City,40167,991 Hill St,Male
183,Robert Patel,26,14-04-1999,UK,Scotland,Glasgow,27449,635 Cedar St,Male
184,Carlos Kumar,64,05-01-1961,India,Telangana,Hyderabad,928406,520 Washington St,Male
185,Emily Lee,47,24-01-1978,India,Maharashtra,Pune,363731,359 Washington St,Female
186,Robert Smith,33,03-02-1992,USA,Texas,Dallas,52094,207 Maple St,Male
187,Maria Lee,47,26-10-1978,India,Karnataka,Mysore,494396,587 Cedar St,Male
188,Priya Smith,64,26-12-1961,USA,Texas,Dallas,11726,253 Elm St,Female
189,Emily Johnson,35,16-12-1990,UK,England,London,69577,325 Maple St,Female
190,Emily Brown,28,14-08-1997,UK,Scotland,Glasgow,36877,369 Hill St,Female
191,Priya Patel,38,06-05-1987,India,Telangana,Warangal,206192,904 Lake St,Male
192,Maria Patel,36,27-12-1989,UK,England,Manchester,10008,780 Washington St,Female
193,Jane Gupta,27,21-06-1998,Mexico,Mexico City,Mexico City,49688,48 Elm St,Female
194,Mohammed Doe,30,09-10-1995,USA,California,Los Angeles,50426,708 Elm St,Male
195,Amit Patel,51,03-04-1974,India,Karnataka,Bangalore,150796,434 Pine St,Male
196,Fatima Martinez,28,14-06-1997,Mexico,Mexico City,Mexico City,80250,814 Lake St,Female
197,Alex Patel,45,22-02-1980,UK,Scotland,Glasgow,78421,239 Sunset St,Male
198,Priya Mendoza,27,06-07-1998,UK,England,Birmingham,63887,318 Maple St,Female
199,Jane Garcia,69,03-03-1956,UK,England,Manchester,36716,180 Main St,Male
200,Priya Garcia,26,21-03-1999,Mexico,Mexico City,Mexico City,80999,845 Lake St,Female
201,John Johnson,62,23-11-1963,India,Karnataka,Bangalore,292981,237 Pine St,Female
202,Linda Lee,46,08-11-1979,Canada,Ontario,Toronto,32200,389 Washington St,Male
203,Fatima Davis,22,01-02-2003,India,Telangana,Hyderabad,232644,446 Hill St,Female
204,Maria Mendoza,50,17-05-1975,UK,England,Birmingham,37534,46 Main St,Male
205,Priya Garcia,42,14-06-1983,Canada,Ontario,Hamilton,13909,138 Main St,Female
206,Emily Mendoza,34,06-03-1991,India,Maharashtra,Pune,397979,105 Cedar St,Female
207,Mohammed Smith,53,13-06-1972,UK,England,Manchester,15728,308 Main St,Female
208,Robert Brown,64,12-02-1961,India,Telangana,Warangal,353242,701 Washington St,Female
209,Maria Doe,63,05-02-1962,UK,England,Birmingham,92346,98 Oak St,Female
210,Robert Mendoza,22,20-12-2003,UK,England,Manchester,27464,860 Washington St,Male
211,Amit Johnson,37,06-09-1988,India,Telangana,Hyderabad,258227,412 Oak St,Female
212,Fatima Doe,29,13-11-1996,UK,England,London,10772,690 Lake St,Female
213,Sophia Patel,53,24-04-1972,USA,New York,Rochester,37613,971 Pine St,Female
214,John Patel,27,27-06-1998,Canada,Ontario,Ottawa,59703,367 Maple St,Female
215,Alex Lee,54,16-04-1971,UK,England,London,95153,726 Main St,Female
216,Priya Lee,34,18-03-1991,USA,New York,Buffalo,94616,772 Main St,Female
217,Linda Martinez,53,06-05-1972,USA,Texas,Dallas,49955,926 Sunset St,Male
218,Maria Doe,63,27-08-1962,Mexico,Mexico City,Mexico City,96462,385 Maple St,Male
219,Robert Mendoza,21,22-06-2004,Canada,Quebec,Montreal,96835,827 Lake St,Female
220,Priya Patel,57,25-06-1968,India,Telangana,Warangal,384550,147 Main St,Male
221,Maria Lee,36,24-01-1989,USA,California,San Diego,23785,8 Lake St,Female
222,Maria Lee,23,24-03-2002,Canada,Quebec,Quebec City,94911,722 Lake St,Male
223,Maria Johnson,59,02-05-1966,Canada,Ontario,Hamilton,56645,241 Pine St,Female
224,Jane Singh,67,02-06-1958,Mexico,Mexico City,Mexico City,36125,533 Elm St,Female
225,Carlos Davis,50,22-07-1975,Canada,Quebec,Quebec City,45625,641 Hill St,Male
226,Carlos Patel,48,06-02-1977,Mexico,Jalisco,Guadalajara,91232,184 Lake St,Male
227,Linda Brown,42,07-01-1983,India,Maharashtra,Pune,750697,702 Hill St,Female
228,Priya Lee,54,23-10-1971,USA,New York,Rochester,45771,737 Hill St,Female
229,Mohammed Williams,55,27-03-1970,UK,Scotland,Glasgow,93878,740 Main St,Female
230,Jane Doe,44,02-07-1981,India,Telangana,Warangal,375363,873 Hill St,Female
231,Sophia Johnson,20,15-10-2005,Canada,Ontario,Toronto,63547,97 Oak St,Male
232,John Johnson,55,13-09-1970,Canada,Quebec,Montreal,10209,290 Maple St,Female
233,Alex Singh,26,01-05-1999,Canada,Ontario,Ottawa,13285,13 Cedar St,Male
234,Amit Doe,24,17-07-2001,India,Karnataka,Bangalore,359361,53 Sunset St,Female
235,David Martinez,68,11-10-1957,USA,New York,Buffalo,69681,865 Hill St,Female
236,Robert Williams,18,20-04-2007,USA,California,San Diego,47224,144 Hill St,Male
237,Linda Johnson,32,26-05-1993,Mexico,Mexico City,Mexico City,39915,227 Main St,Female
238,Alex Martinez,44,27-01-1981,India,Telangana,Warangal,887022,137 Washington St,Male
239,Priya Davis,42,01-02-1983,Canada,Quebec,Montreal,74104,843 Elm St,Male
240,Carlos Johnson,21,06-10-2004,UK,England,Birmingham,73440,952 Main St,Male
241,Alex Lee,70,12-05-1955,Canada,Ontario,Hamilton,88008,922 Lake St,Male
242,Jane Kumar,52,11-04-1973,USA,Texas,Dallas,37864,120 Main St,Male
243,Emily Gupta,61,08-05-1964,Canada,Quebec,Montreal,90375,226 Hill St,Female
244,Amit Garcia,27,20-07-1998,USA,New York,New York,13414,819 Pine St,Female
245,Linda Smith,41,18-04-1984,UK,England,London,83868,230 Main St,Male
246,Linda Patel,44,08-06-1981,USA,Texas,Austin,82840,716 Lake St,Female
247,Fatima Brown,51,19-08-1974,UK,Scotland,Glasgow,16364,569 Elm St,Female
248,Rahul Kumar,64,09-02-1961,USA,Texas,Dallas,62489,847 Lake St,Male
249,David Williams,54,03-06-1971,India,Maharashtra,Mumbai,838208,554 Main St,Male
250,Mohammed Mendoza,46,15-10-1979,UK,Scotland,Edinburgh,32870,880 Elm St,Male
251,Fatima Williams,45,15-04-1980,Mexico,Mexico City,Mexico City,32414,360 Sunset St,Female
252,Carlos Martinez,32,15-11-1993,USA,Texas,Houston,50994,739 Sunset St,Female
253,Maria Johnson,33,17-03-1992,UK,England,Manchester,33430,555 Sunset St,Female
254,Amit Smith,39,21-07-1986,UK,England,Birmingham,24333,356 Cedar St,Male
255,John Smith,68,07-01-1957,India,Telangana,Hyderabad,807326,959 Cedar St,Male
256,Carlos Patel,46,07-12-1979,India,Karnataka,Mysore,118753,20 Main St,Male
257,Maria Singh,29,05-01-1996,India,Karnataka,Bangalore,332945,832 Maple St,Male
258,Mohammed Garcia,47,08-04-1978,India,Karnataka,Mysore,934856,524 Hill St,Male
259,Fatima Doe,62,16-01-1963,Canada,Ontario,Toronto,25145,577 Hill St,Male
260,Emily Doe,32,21-01-1993,UK,Scotland,Glasgow,60601,903 Hill St,Female
261,Amit Lee,50,15-07-1975,USA,New York,Buffalo,37072,564 Oak St,Female
262,Carlos Johnson,19,23-05-2006,Mexico,Mexico City,Mexico City,29065,178 Maple St,Male
263,Robert Doe,35,07-09-1990,Canada,Quebec,Quebec City,75511,538 Sunset St,Female
264,Linda Patel,46,01-06-1979,India,Telangana,Hyderabad,591968,340 Elm St,Male
265,Carlos Patel,40,10-04-1985,UK,England,London,89844,364 Cedar St,Female
266,Mohammed Patel,39,23-10-1986,Mexico,Jalisco,Guadalajara,18442,218 Lake St,Male
267,Jane Garcia,60,16-06-1965,India,Karnataka,Mysore,660019,463 Washington St,Female
268,Carlos Mendoza,42,18-04-1983,USA,New York,New York,51088,75 Main St,Female
269,Robert Garcia,35,23-03-1990,India,Karnataka,Mysore,119523,193 Lake St,Female
270,Maria Smith,27,26-08-1998,Canada,Ontario,Toronto,85250,687 Washington St,Male
271,Robert Garcia,30,22-02-1995,UK,Scotland,Glasgow,53171,25 Washington St,Female
272,John Brown,20,24-03-2005,USA,Texas,Dallas,80800,362 Cedar St,Female
273,Carlos Davis,62,27-04-1963,USA,New York,Rochester,36747,652 Elm St,Male
274,Sophia Davis,41,21-09-1984,India,Maharashtra,Mumbai,366646,744 Sunset St,Male
275,John Gupta,53,04-11-1972,India,Maharashtra,Pune,392264,211 Main St,Male
276,Carlos Lee,48,23-05-1977,Mexico,Mexico City,Mexico City,31744,103 Pine St,Female
277,Rahul Brown,31,13-08-1994,USA,Texas,Houston,24606,342 Pine St,Female
278,Alex Mendoza,61,28-07-1964,Canada,Quebec,Quebec City,73364,26 Elm St,Male
279,Robert Davis,18,22-06-2007,India,Maharashtra,Mumbai,288148,104 Oak St,Male
280,Robert Davis,41,06-03-1984,USA,Texas,Austin,44897,306 Pine St,Male
281,Amit Gupta,61,08-03-1964,UK,England,Manchester,61389,902 Oak St,Female
282,Alex Johnson,45,12-04-1980,Canada,Ontario,Hamilton,67005,266 Elm St,Male
283,Emily Brown,35,25-11-1990,Canada,Ontario,Ottawa,68077,8 Cedar St,Female
284,David Johnson,35,27-04-1990,USA,New York,New York,52474,956 Pine St,Female
285,Sophia Gupta,68,06-02-1957,India,Telangana,Warangal,222861,612 Hill St,Female
286,Alex Patel,39,18-09-1986,Mexico,Jalisco,Puerto Vallarta,48346,731 Washington St,Male
287,Sophia Johnson,63,25-02-1962,Mexico,Jalisco,Puerto Vallarta,35547,765 Lake St,Female
288,David Doe,31,18-09-1994,USA,California,Los Angeles,27533,231 Sunset St,Female
289,Alex Gupta,48,17-10-1977,Mexico,Mexico City,Mexico City,93827,592 Oak St,Female
290,Fatima Williams,68,07-08-1957,Mexico,Jalisco,Guadalajara,27673,109 Elm St,Male
291,Maria Singh,35,25-08-1990,Mexico,Jalisco,Puerto Vallarta,58096,498 Pine St,Female
292,Linda Kumar,54,26-03-1971,UK,England,Manchester,87180,482 Lake St,Male
293,Maria Martinez,47,13-08-1978,USA,New York,Rochester,76712,868 Cedar St,Male
294,Mohammed Garcia,53,04-11-1972,Mexico,Jalisco,Puerto Vallarta,61682,869 Pine St,Female
295,Emily Williams,29,04-02-1996,UK,England,London,69283,633 Maple St,Female
296,Priya Doe,32,22-10-1993,India,Telangana,Hyderabad,964641,136 Main St,Female
297,John Lee,35,05-09-1990,Canada,Ontario,Ottawa,92751,581 Elm St,Female
298,Amit Kumar,42,18-03-1983,Canada,Quebec,Quebec City,80897,839 Hill St,Female
299,Robert Singh,59,23-02-1966,India,Maharashtra,Pune,398642,891 Washington St,Female
300,Maria Gupta,29,10-01-1996,India,Maharashtra,Pune,846474,439 Elm St,Female
301,Jane Mendoza,40,21-05-1985,Mexico,Jalisco,Guadalajara,64506,832 Oak St,Female
302,Jane Gupta,32,11-07-1993,USA,New York,Rochester,11988,664 Washington St,Male
303,Carlos Williams,40,14-01-1985,UK,England,Birmingham,78643,912 Main St,Male
304,Linda Lee,32,04-11-1993,Mexico,Mexico City,Mexico City,34406,163 Hill St,Female
305,Priya Smith,37,16-11-1988,UK,Scotland,Edinburgh,65902,51 Elm St,Female
306,Alex Patel,37,25-02-1988,Mexico,Mexico City,Mexico City,68778,220 Pine St,Female
307,John Lee,69,20-06-1956,Mexico,Jalisco,Guadalajara,73246,472 Cedar St,Male
308,Rahul Doe,22,05-03-2003,India,Karnataka,Mysore,179198,99 Oak St,Female
309,Alex Gupta,47,17-08-1978,India,Maharashtra,Mumbai,491980,579 Pine St,Female
310,Alex Garcia,35,18-01-1990,India,Maharashtra,Mumbai,863336,454 Oak St,Male
311,Carlos Gupta,31,01-03-1994,Mexico,Jalisco,Guadalajara,47299,880 Pine St,Female
312,Mohammed Mendoza,38,26-07-1987,Mexico,Jalisco,Guadalajara,18552,673 Lake St,Male
313,David Brown,29,21-11-1996,India,Maharashtra,Mumbai,422346,460 Elm St,Female
314,Amit Brown,29,03-09-1996,India,Maharashtra,Mumbai,195171,135 Hill St,Female
315,Linda Singh,22,15-05-2003,India,Telangana,Warangal,212207,569 Sunset St,Male
316,Priya Doe,29,23-08-1996,India,Telangana,Hyderabad,404955,866 Maple St,Male
317,Emily Patel,55,26-12-1970,USA,New York,Rochester,97670,163 Main St,Male
318,Sophia Garcia,25,20-11-2000,USA,Texas,Dallas,48013,161 Oak St,Male
319,Robert Garcia,24,10-01-2001,India,Karnataka,Bangalore,576465,335 Lake St,Female
320,John Mendoza,40,15-11-1985,India,Maharashtra,Mumbai,722444,271 Elm St,Male
321,Robert Kumar,57,09-01-1968,India,Karnataka,Mysore,213002,98 Cedar St,Female
322,Carlos Williams,30,28-09-1995,India,Telangana,Warangal,782209,499 Hill St,Male
323,David Doe,44,19-11-1981,UK,Scotland,Edinburgh,98014,141 Washington St,Male
324,Maria Smith,30,02-06-1995,USA,California,San Francisco,52167,473 Cedar St,Male
325,Maria Garcia,34,22-02-1991,India,Maharashtra,Pune,918348,412 Pine St,Female
326,Maria Martinez,57,03-12-1968,USA,New York,Buffalo,42269,70 Lake St,Female
327,Sophia Patel,48,16-09-1977,Mexico,Jalisco,Puerto Vallarta,68540,228 Main St,Female
328,Jane Garcia,67,27-07-1958,Canada,Ontario,Hamilton,80134,988 Pine St,Female
329,Robert Davis,20,26-10-2005,USA,California,Los Angeles,12280,157 Sunset St,Male
330,Amit Davis,20,18-08-2005,UK,Scotland,Edinburgh,14173,949 Oak St,Female
331,Mohammed Johnson,60,28-06-1965,India,Telangana,Hyderabad,558896,524 Oak St,Female
332,Fatima Kumar,38,08-01-1987,UK,Scotland,Glasgow,47387,71 Sunset St,Female
333,Mohammed Davis,69,07-02-1956,India,Telangana,Hyderabad,339757,209 Sunset St,Female
334,David Johnson,28,15-07-1997,India,Maharashtra,Pune,797122,823 Main St,Male
335,Linda Mendoza,21,28-08-2004,USA,California,San Diego,62834,822 Oak St,Female
336,Carlos Gupta,62,20-01-1963,Mexico,Mexico City,Mexico City,43055,328 Washington St,Male
337,John Singh,41,21-11-1984,UK,Scotland,Edinburgh,59512,609 Washington St,Female
338,Fatima Gupta,19,03-12-2006,USA,New York,Buffalo,83728,392 Pine St,Female
339,John Martinez,19,26-11-2006,Canada,Ontario,Toronto,77407,351 Washington St,Female
340,Fatima Johnson,49,03-12-1976,Mexico,Jalisco,Guadalajara,29144,481 Pine St,Male
341,Mohammed Doe,20,17-09-2005,Mexico,Jalisco,Guadalajara,45385,943 Oak St,Female
342,Linda Johnson,63,06-03-1962,India,Maharashtra,Pune,570385,672 Main St,Male
343,Robert Mendoza,55,22-05-1970,India,Maharashtra,Mumbai,322317,359 Main St,Female
344,Jane Brown,39,16-07-1986,USA,New York,Buffalo,21115,371 Sunset St,Female
345,Alex Smith,39,09-12-1986,India,Telangana,Hyderabad,566556,120 Oak St,Male
346,Maria Martinez,43,02-05-1982,Mexico,Jalisco,Puerto Vallarta,56946,95 Oak St,Female
347,David Patel,58,26-07-1967,Canada,Ontario,Hamilton,98370,680 Lake St,Female
348,Sophia Martinez,56,13-04-1969,UK,Scotland,Glasgow,68048,983 Oak St,Female
349,Mohammed Williams,50,07-05-1975,UK,Scotland,Edinburgh,28968,465 Oak St,Male
350,Carlos Brown,32,17-01-1993,India,Maharashtra,Pune,239133,458 Maple St,Male
351,Emily Williams,60,14-10-1965,Mexico,Jalisco,Puerto Vallarta,19936,687 Elm St,Male
352,Rahul Mendoza,21,18-03-2004,India,Maharashtra,Pune,273220,71 Hill St,Male
353,Fatima Kumar,24,21-04-2001,Mexico,Mexico City,Mexico City,47305,192 Main St,Male
354,Maria Davis,70,10-10-1955,USA,California,San Diego,30612,894 Pine St,Female
355,Linda Brown,60,22-07-1965,India,Telangana,Warangal,240142,783 Elm St,Male
356,Fatima Garcia,24,21-06-2001,Canada,Ontario,Toronto,17745,938 Pine St,Female
357,Mohammed Gupta,47,11-01-1978,India,Maharashtra,Mumbai,971266,534 Pine St,Female
358,Robert Johnson,56,22-01-1969,Canada,Quebec,Quebec City,34970,685 Pine St,Male
359,Jane Mendoza,60,20-02-1965,Canada,Ontario,Hamilton,16233,273 Oak St,Female
360,Mohammed Doe,60,27-12-1965,Mexico,Mexico City,Mexico City,80152,538 Washington St,Female
361,David Johnson,48,12-02-1977,USA,Texas,Houston,35995,950 Main St,Male
362,Emily Lee,58,27-11-1967,India,Maharashtra,Mumbai,812275,857 Lake St,Male
363,Linda Williams,27,08-06-1998,Mexico,Mexico City,Mexico City,79014,427 Pine St,Female
364,Alex Johnson,64,17-03-1961,UK,Scotland,Glasgow,55112,952 Hill St,Female
365,Rahul Brown,52,07-11-1973,Canada,Ontario,Ottawa,99231,721 Sunset St,Male
366,Robert Patel,27,26-08-1998,Mexico,Jalisco,Guadalajara,10361,470 Lake St,Male
367,Priya Singh,27,18-02-1998,Canada,Ontario,Hamilton,72900,535 Sunset St,Male
368,Robert Brown,22,11-04-2003,UK,Scotland,Edinburgh,58774,818 Main St,Female
369,David Kumar,27,13-05-1998,USA,Texas,Austin,76887,782 Cedar St,Male
370,Maria Williams,31,24-06-1994,USA,Texas,Austin,94795,622 Sunset St,Male
371,Mohammed Singh,56,14-03-1969,Mexico,Mexico City,Mexico City,84641,658 Washington St,Female
372,Fatima Davis,54,28-05-1971,UK,England,Birmingham,33522,555 Main St,Female
373,Mohammed Davis,65,22-06-1960,Canada,Quebec,Montreal,13547,777 Sunset St,Male
374,Priya Davis,28,10-07-1997,UK,England,Manchester,62193,498 Main St,Female
375,Priya Johnson,34,23-08-1991,India,Telangana,Warangal,900029,81 Sunset St,Female
376,David Gupta,54,02-08-1971,USA,Texas,Austin,32340,358 Main St,Male
377,Linda Kumar,27,06-04-1998,Canada,Quebec,Montreal,93578,198 Maple St,Male
378,Robert Brown,43,25-02-1982,Mexico,Mexico City,Mexico City,24026,267 Washington St,Male
379,Linda Johnson,34,24-10-1991,Mexico,Jalisco,Guadalajara,27994,550 Washington St,Male
380,Carlos Doe,22,14-04-2003,UK,Scotland,Glasgow,43841,218 Maple St,Male
381,Alex Lee,27,18-03-1998,UK,England,Manchester,32933,617 Sunset St,Female
382,Fatima Doe,34,24-05-1991,USA,California,Los Angeles,20888,473 Lake St,Female
383,Sophia Brown,60,02-11-1965,Mexico,Mexico City,Mexico City,95636,4 Sunset St,Female
384,Sophia Brown,57,16-10-1968,USA,California,Los Angeles,68451,649 Cedar St,Male
385,Mohammed Martinez,68,09-03-1957,India,Telangana,Hyderabad,507912,18 Hill St,Female
386,Amit Kumar,56,02-08-1969,India,Karnataka,Bangalore,259870,180 Main St,Female
387,Rahul Gupta,55,17-12-1970,Canada,Quebec,Montreal,14563,472 Lake St,Female
388,Rahul Mendoza,45,08-01-1980,India,Karnataka,Bangalore,224202,104 Sunset St,Male
389,Priya Kumar,54,12-04-1971,Mexico,Jalisco,Guadalajara,19654,427 Sunset St,Male
390,Rahul Williams,62,23-04-1963,India,Maharashtra,Mumbai,836920,138 Oak St,Male
391,Robert Kumar,61,26-03-1964,Canada,Ontario,Ottawa,37191,256 Main St,Male
392,Rahul Garcia,25,06-05-2000,Canada,Quebec,Montreal,82292,852 Sunset St,Female
393,Fatima Smith,20,11-05-2005,USA,New York,Buffalo,93719,503 Cedar St,Female
394,Fatima Martinez,67,14-07-1958,Mexico,Mexico City,Mexico City,33796,851 Lake St,Male
395,Robert Brown,38,14-07-1987,India,Maharashtra,Pune,980018,492 Maple St,Male
396,John Johnson,53,14-06-1972,Canada,Quebec,Montreal,66959,335 Elm St,Male
397,David Singh,59,01-02-1966,UK,Scotland,Edinburgh,62990,250 Oak St,Male
398,John Kumar,37,04-11-1988,Mexico,Jalisco,Guadalajara,73288,836 Pine St,Female
399,Priya Mendoza,44,13-11-1981,USA,California,San Francisco,22082,370 Maple St,Male
400,Fatima Williams,63,14-05-1962,India,Maharashtra,Mumbai,508007,812 Maple St,Male
401,Amit Doe,60,22-06-1965,Mexico,Mexico City,Mexico City,16921,903 Washington St,Male
402,Priya Lee,61,18-06-1964,Canada,Ontario,Hamilton,97621,105 Cedar St,Male
403,Mohammed Smith,19,24-03-2006,India,Telangana,Hyderabad,700223,959 Lake St,Female
404,Mohammed Smith,44,06-07-1981,Mexico,Mexico City,Mexico City,61579,814 Cedar St,Male
405,John Martinez,25,05-12-2000,UK,England,Manchester,96046,640 Lake St,Female
406,Carlos Brown,29,04-04-1996,Mexico,Mexico City,Mexico City,51404,13 Elm St,Female
407,Linda Smith,49,13-07-1976,UK,Scotland,Edinburgh,71278,39 Main St,Male
408,Jane Johnson,50,07-06-1975,India,Karnataka,Mysore,292214,120 Lake St,Female
409,Maria Mendoza,54,10-03-1971,India,Maharashtra,Pune,869994,952 Pine St,Female
410,Mohammed Doe,50,16-07-1975,India,Karnataka,Mysore,680755,326 Washington St,Male
411,Carlos Williams,52,12-06-1973,USA,Texas,Dallas,89148,375 Hill St,Male
412,Robert Gupta,32,05-05-1993,UK,England,Birmingham,81178,898 Oak St,Male
413,John Singh,62,16-09-1963,Canada,Quebec,Quebec City,74782,493 Hill St,Female
414,Carlos Brown,57,24-06-1968,Canada,Ontario,Toronto,40149,802 Main St,Female
415,Jane Singh,46,23-09-1979,Mexico,Mexico City,Mexico City,45268,237 Oak St,Male
416,Rahul Gupta,56,27-07-1969,India,Maharashtra,Pune,306718,841 Oak St,Male
417,Rahul Brown,57,13-10-1968,USA,Texas,Dallas,14813,51 Lake St,Female
418,David Patel,20,12-08-2005,India,Karnataka,Mysore,910187,540 Sunset St,Female
419,David Singh,18,08-05-2007,USA,New York,New York,73281,998 Hill St,Female
420,Emily Smith,69,17-02-1956,Canada,Ontario,Toronto,22997,82 Main St,Male
421,David Davis,65,17-12-1960,UK,England,Birmingham,14086,6 Main St,Male
422,Robert Kumar,49,16-12-1976,India,Karnataka,Mysore,994027,695 Pine St,Male
423,John Doe,49,16-10-1976,Mexico,Mexico City,Mexico City,70278,564 Cedar St,Female
424,Carlos Smith,56,27-06-1969,Mexico,Jalisco,Guadalajara,43348,345 Hill St,Female
425,Maria Johnson,25,27-03-2000,Mexico,Mexico City,Mexico City,85807,677 Washington St,Male
426,Jane Williams,21,23-10-2004,USA,California,Los Angeles,79191,247 Oak St,Male
427,Sophia Mendoza,39,23-08-1986,USA,New York,Buffalo,50479,879 Main St,Male
428,Amit Gupta,69,21-04-1956,UK,Scotland,Edinburgh,88765,201 Pine St,Female
429,Fatima Gupta,61,14-08-1964,Canada,Ontario,Ottawa,38569,783 Oak St,Male
430,Sophia Mendoza,63,03-01-1962,UK,Scotland,Edinburgh,56946,518 Lake St,Female
431,Linda Davis,36,10-11-1989,UK,England,Birmingham,92146,973 Main St,Male
432,Jane Martinez,45,05-08-1980,Canada,Quebec,Montreal,70110,52 Cedar St,Male
433,Amit Mendoza,20,16-09-2005,USA,New York,Buffalo,13154,766 Lake St,Female
434,Amit Martinez,24,09-04-2001,USA,California,San Francisco,98252,969 Sunset St,Female
435,David Doe,43,26-06-1982,USA,New York,Rochester,94668,19 Washington St,Female
436,Emily Kumar,56,01-08-1969,UK,Scotland,Edinburgh,78993,925 Lake St,Male
437,Priya Smith,45,22-09-1980,India,Telangana,Hyderabad,663370,82 Elm St,Male
438,Carlos Garcia,65,25-12-1960,UK,Scotland,Glasgow,55065,645 Hill St,Female
439,Mohammed Patel,20,03-02-2005,UK,Scotland,Glasgow,26782,915 Elm St,Male
440,Sophia Lee,34,06-01-1991,USA,Texas,Austin,31158,425 Main St,Male
441,David Brown,60,20-01-1965,India,Maharashtra,Mumbai,989352,914 Washington St,Female
442,David Gupta,59,05-04-1966,USA,Texas,Houston,83913,768 Sunset St,Female
443,Amit Doe,39,24-05-1986,Canada,Quebec,Quebec City,68108,476 Washington St,Male
444,Maria Brown,46,04-04-1979,India,Maharashtra,Pune,532270,549 Elm St,Female
445,John Gupta,43,03-06-1982,USA,Texas,Dallas,74031,246 Main St,Male
446,Priya Mendoza,44,15-01-1981,Canada,Quebec,Quebec City,33098,167 Sunset St,Female
447,Mohammed Martinez,40,12-11-1985,UK,England,Manchester,35120,547 Oak St,Female
448,Fatima Garcia,46,02-04-1979,Mexico,Jalisco,Guadalajara,90065,702 Pine St,Male
449,Linda Doe,50,04-09-1975,Mexico,Mexico City,Mexico City,15110,661 Hill St,Female
450,Mohammed Davis,38,15-10-1987,Mexico,Mexico City,Mexico City,29867,550 Hill St,Male
451,John Patel,31,19-01-1994,Mexico,Mexico City,Mexico City,26643,927 Oak St,Female
452,Linda Kumar,58,28-03-1967,Canada,Quebec,Montreal,34707,583 Hill St,Male
453,Robert Williams,53,22-10-1972,UK,Scotland,Edinburgh,96320,202 Pine St,Male
454,Carlos Doe,61,05-11-1964,Mexico,Jalisco,Guadalajara,84177,600 Cedar St,Male
455,Jane Patel,26,15-08-1999,India,Karnataka,Bangalore,831313,437 Maple St,Male
456,Carlos Smith,49,09-05-1976,Canada,Quebec,Quebec City,90710,43 Cedar St,Female
457,Linda Brown,35,14-11-1990,India,Telangana,Warangal,780334,318 Pine St,Female
458,Priya Brown,33,11-05-1992,USA,Texas,Houston,31795,284 Cedar St,Female
459,Rahul Garcia,35,28-01-1990,Canada,Quebec,Montreal,26049,204 Pine St,Male
460,Sophia Doe,54,26-10-1971,USA,New York,Buffalo,91446,102 Hill St,Male
461,David Kumar,63,26-05-1962,UK,Scotland,Glasgow,89267,6 Hill St,Male
462,Emily Mendoza,34,19-08-1991,UK,Scotland,Glasgow,60377,811 Main St,Male
463,Mohammed Singh,48,02-02-1977,UK,Scotland,Edinburgh,70178,451 Washington St,Male
464,Jane Singh,40,18-07-1985,USA,New York,New York,24356,464 Maple St,Male
465,Carlos Williams,44,25-11-1981,USA,New York,New York,71343,595 Oak St,Female
466,John Garcia,59,11-05-1966,UK,England,Birmingham,14640,906 Washington St,Female
467,Carlos Smith,62,13-11-1963,Mexico,Jalisco,Guadalajara,44822,429 Lake St,Male
468,Priya Gupta,24,23-07-2001,India,Karnataka,Mysore,492058,16 Maple St,Male
469,Fatima Garcia,27,09-09-1998,Mexico,Mexico City,Mexico City,72277,478 Oak St,Male
470,Linda Williams,68,27-12-1957,UK,England,London,21326,705 Sunset St,Female
471,Maria Patel,20,20-12-2005,USA,Texas,Austin,60018,925 Pine St,Female
472,Sophia Lee,22,28-02-2003,India,Telangana,Warangal,925282,294 Main St,Female
473,Priya Lee,45,18-07-1980,Canada,Ontario,Hamilton,44883,145 Pine St,Male
474,Amit Johnson,33,23-02-1992,UK,Scotland,Glasgow,63305,688 Elm St,Female
475,Linda Kumar,27,23-10-1998,Mexico,Jalisco,Puerto Vallarta,92790,216 Hill St,Male
476,Mohammed Garcia,51,23-02-1974,India,Maharashtra,Mumbai,710332,549 Lake St,Female
477,Jane Patel,69,18-02-1956,Canada,Ontario,Toronto,72303,677 Pine St,Female
478,Robert Johnson,40,19-11-1985,USA,New York,Rochester,58455,534 Pine St,Female
479,Emily Patel,20,08-02-2005,UK,Scotland,Edinburgh,53766,859 Sunset St,Female
480,Jane Patel,41,23-09-1984,India,Karnataka,Mysore,997388,664 Main St,Female
481,Linda Martinez,39,27-12-1986,UK,Scotland,Glasgow,52200,890 Pine St,Female
482,Amit Doe,20,02-12-2005,Canada,Ontario,Toronto,18910,778 Main St,Male
483,David Brown,32,08-08-1993,USA,California,San Diego,28364,203 Hill St,Female
484,Emily Patel,44,20-05-1981,Canada,Quebec,Montreal,97539,295 Main St,Male
485,Mohammed Brown,57,03-02-1968,Canada,Quebec,Quebec City,95526,73 Elm St,Female
486,Carlos Davis,18,28-03-2007,India,Telangana,Warangal,103019,220 Elm St,Male
487,Emily Gupta,58,23-10-1967,USA,California,San Diego,87867,890 Pine St,Male
488,Alex Garcia,27,03-05-1998,India,Maharashtra,Mumbai,665275,140 Main St,Female
489,Emily Garcia,44,04-08-1981,Mexico,Jalisco,Puerto Vallarta,75846,414 Maple St,Female
490,Linda Kumar,61,14-01-1964,USA,New York,Buffalo,35972,692 Lake St,Male
491,Rahul Johnson,26,08-08-1999,India,Maharashtra,Mumbai,128846,911 Main St,Female
492,Rahul Garcia,48,23-02-1977,Canada,Ontario,Toronto,94489,874 Oak St,Female
493,Alex Doe,37,04-04-1988,India,Maharashtra,Pune,117850,60 Washington St,Female
494,Amit Mendoza,65,04-10-1960,USA,Texas,Dallas,87867,536 Sunset St,Female
495,Sophia Singh,45,03-08-1980,USA,California,San Diego,21757,133 Washington St,Male
496,Alex Martinez,22,05-06-2003,India,Maharashtra,Mumbai,174223,853 Washington St,Female
497,Mohammed Johnson,42,26-06-1983,UK,Scotland,Glasgow,47943,731 Lake St,Male
498,Fatima Patel,23,06-10-2002,UK,England,London,97511,525 Cedar St,Male
499,Carlos Brown,62,28-11-1963,Canada,Ontario,Ottawa,80459,938 Elm St,Male
500,Linda Brown,63,16-03-1962,Canada,Quebec,Montreal,38760,728 Oak St,Male
501,David Williams,42,22-01-1983,UK,Scotland,Glasgow,86912,196 Pine St,Male
502,David Doe,65,12-02-1960,India,Karnataka,Bangalore,295653,752 Sunset St,Male
503,Rahul Johnson,59,01-06-1966,UK,Scotland,Glasgow,68141,472 Sunset St,Female
504,Emily Martinez,66,24-07-1959,USA,Texas,Dallas,37805,466 Sunset St,Female
505,John Patel,22,05-02-2003,USA,Texas,Dallas,77005,612 Main St,Female
506,Amit Martinez,67,01-03-1958,Mexico,Jalisco,Puerto Vallarta,72277,470 Oak St,Male
507,Fatima Brown,45,27-06-1980,USA,California,San Francisco,55492,942 Hill St,Male
508,Amit Gupta,23,21-11-2002,Canada,Ontario,Hamilton,36832,917 Washington St,Female
509,Jane Gupta,60,19-10-1965,UK,England,London,80750,72 Lake St,Male
510,Emily Johnson,28,09-02-1997,Canada,Quebec,Montreal,21502,92 Cedar St,Female
511,Fatima Johnson,58,24-10-1967,USA,New York,Rochester,99601,326 Elm St,Male
512,Sophia Davis,68,01-01-1957,Canada,Quebec,Montreal,16732,176 Lake St,Female
513,David Lee,40,23-11-1985,USA,California,Los Angeles,45173,450 Elm St,Female
514,David Smith,29,02-09-1996,UK,Scotland,Edinburgh,68112,292 Elm St,Male
515,Robert Kumar,47,17-01-1978,UK,England,London,27248,495 Main St,Male
516,David Brown,61,13-12-1964,India,Maharashtra,Pune,876477,821 Lake St,Female
517,Emily Mendoza,31,09-01-1994,UK,England,London,98881,699 Oak St,Male
518,Jane Smith,30,28-05-1995,India,Telangana,Warangal,935373,826 Cedar St,Male
519,John Brown,44,18-02-1981,UK,Scotland,Glasgow,85551,986 Lake St,Male
520,Amit Singh,49,14-03-1976,UK,England,Manchester,49442,281 Cedar St,Female
521,Emily Patel,62,23-01-1963,USA,California,San Francisco,37195,477 Lake St,Male
522,Alex Singh,35,03-06-1990,UK,England,London,81464,761 Maple St,Male
523,Amit Lee,62,06-12-1963,Mexico,Mexico City,Mexico City,82510,660 Hill St,Female
524,Amit Doe,69,10-07-1956,Canada,Quebec,Montreal,22237,743 Oak St,Male
525,Mohammed Lee,19,19-10-2006,India,Maharashtra,Pune,620626,226 Pine St,Female
526,Amit Smith,56,05-09-1969,USA,New York,Buffalo,85043,678 Hill St,Male
527,John Mendoza,38,25-03-1987,USA,New York,Buffalo,88540,188 Washington St,Male
528,Emily Brown,48,16-08-1977,UK,Scotland,Glasgow,57484,51 Elm St,Male
529,Priya Davis,46,28-07-1979,UK,England,Manchester,42701,499 Oak St,Male
530,Emily Kumar,32,04-05-1993,UK,Scotland,Glasgow,12639,537 Cedar St,Female
531,Rahul Smith,47,08-08-1978,India,Karnataka,Bangalore,192684,310 Oak St,Female
532,Linda Mendoza,26,21-09-1999,USA,Texas,Houston,36985,542 Lake St,Male
533,Carlos Davis,60,28-01-1965,UK,Scotland,Edinburgh,42457,951 Washington St,Female
534,David Patel,32,24-12-1993,UK,Scotland,Glasgow,98876,431 Sunset St,Female
535,Carlos Johnson,34,01-10-1991,Canada,Ontario,Toronto,55660,211 Main St,Male
536,Rahul Davis,64,24-10-1961,Canada,Quebec,Montreal,10191,859 Washington St,Male
537,Rahul Lee,30,19-05-1995,USA,California,San Diego,71910,101 Cedar St,Male
538,Amit Mendoza,55,26-01-1970,Canada,Quebec,Quebec City,97701,754 Maple St,Female
539,Sophia Singh,63,24-04-1962,India,Maharashtra,Pune,290945,870 Elm St,Male
540,Sophia Singh,70,16-10-1955,India,Telangana,Hyderabad,815163,373 Hill St,Female
541,Amit Kumar,35,25-02-1990,India,Karnataka,Bangalore,500609,839 Pine St,Male
542,Priya Kumar,32,20-09-1993,India,Maharashtra,Pune,373556,836 Elm St,Female
543,Robert Singh,42,14-02-1983,India,Karnataka,Mysore,934616,409 Lake St,Male
544,Robert Patel,69,26-10-1956,India,Telangana,Hyderabad,528289,663 Pine St,Male
545,Amit Lee,27,03-12-1998,Canada,Quebec,Quebec City,41493,216 Pine St,Female
546,Priya Davis,34,23-04-1991,USA,California,San Diego,46276,1 Main St,Male
547,John Martinez,29,02-12-1996,USA,Texas,Houston,63505,526 Washington St,Female
548,Alex Kumar,63,20-09-1962,USA,California,San Diego,53902,199 Sunset St,Male
549,Rahul Martinez,40,25-12-1985,Mexico,Jalisco,Puerto Vallarta,97213,239 Washington St,Female
550,John Smith,35,18-08-1990,India,Telangana,Warangal,891104,669 Lake St,Male
551,Priya Williams,37,20-09-1988,India,Maharashtra,Pune,144874,891 Sunset St,Female
552,Maria Gupta,30,18-05-1995,Mexico,Mexico City,Mexico City,56624,181 Main St,Male
553,Amit Lee,58,14-11-1967,India,Telangana,Hyderabad,267304,786 Oak St,Male
554,Mohammed Kumar,27,04-02-1998,Mexico,Mexico City,Mexico City,22033,517 Main St,Female
555,Priya Martinez,43,25-11-1982,India,Karnataka,Bangalore,241582,852 Hill St,Female
556,Linda Martinez,58,26-10-1967,India,Karnataka,Mysore,864930,419 Lake St,Male
557,David Doe,52,25-10-1973,USA,New York,New York,94630,859 Main St,Male
558,Alex Patel,62,21-11-1963,USA,New York,Rochester,15647,995 Lake St,Female
559,Jane Singh,61,10-09-1964,USA,California,San Diego,99436,899 Main St,Female
560,Linda Garcia,38,17-11-1987,UK,England,Birmingham,97242,959 Maple St,Female
561,Sophia Garcia,31,03-03-1994,India,Maharashtra,Mumbai,756730,169 Pine St,Female
562,Sophia Gupta,22,17-11-2003,Mexico,Jalisco,Puerto Vallarta,73181,343 Hill St,Male
563,Emily Doe,51,15-08-1974,Canada,Ontario,Hamilton,71535,157 Sunset St,Male
564,Fatima Smith,55,21-05-1970,UK,Scotland,Glasgow,86608,927 Oak St,Female
565,John Williams,56,11-03-1969,India,Maharashtra,Mumbai,200483,558 Sunset St,Male
566,Jane Smith,57,25-10-1968,India,Telangana,Warangal,512726,93 Pine St,Male
567,Alex Garcia,61,28-11-1964,Mexico,Mexico City,Mexico City,26520,373 Main St,Male
568,Emily Davis,47,02-03-1978,Mexico,Jalisco,Puerto Vallarta,12950,337 Lake St,Female
569,Carlos Kumar,24,08-03-2001,UK,England,Birmingham,73737,1 Main St,Female
570,Robert Lee,70,09-08-1955,USA,New York,Rochester,15550,765 Lake St,Male
571,Linda Brown,58,14-08-1967,India,Telangana,Warangal,684732,555 Elm St,Male
572,Priya Lee,70,03-03-1955,Mexico,Jalisco,Guadalajara,74370,427 Lake St,Male
573,Alex Patel,41,28-09-1984,Canada,Quebec,Quebec City,61772,246 Pine St,Male
574,John Singh,60,27-01-1965,India,Maharashtra,Mumbai,490909,251 Oak St,Male
575,Priya Williams,37,04-09-1988,Mexico,Jalisco,Guadalajara,58354,997 Pine St,Female
576,Fatima Johnson,47,05-08-1978,India,Telangana,Warangal,806673,966 Washington St,Male
577,Amit Lee,61,18-03-1964,Canada,Quebec,Quebec City,12757,579 Oak St,Female
578,Carlos Williams,53,06-03-1972,UK,England,Birmingham,59505,78 Hill St,Male
579,Jane Singh,62,02-04-1963,India,Maharashtra,Mumbai,446200,852 Elm St,Male
580,Rahul Patel,52,24-12-1973,Canada,Quebec,Quebec City,19576,38 Sunset St,Male
581,Robert Mendoza,24,07-08-2001,Canada,Quebec,Montreal,75049,685 Main St,Female
582,Priya Gupta,46,28-04-1979,USA,California,San Diego,57069,566 Cedar St,Male
583,Amit Gupta,37,01-02-1988,UK,Scotland,Glasgow,15089,950 Maple St,Male
584,Mohammed Doe,66,01-07-1959,Canada,Ontario,Hamilton,99358,474 Maple St,Female
585,David Kumar,51,07-06-1974,India,Telangana,Hyderabad,888518,660 Main St,Male
586,Priya Garcia,54,01-01-1971,Canada,Quebec,Quebec City,66890,73 Elm St,Female
587,Linda Gupta,20,04-01-2005,UK,England,Birmingham,83230,111 Hill St,Male
588,Emily Johnson,61,05-06-1964,UK,Scotland,Glasgow,36959,645 Cedar St,Male
589,Rahul Davis,70,22-03-1955,USA,New York,Buffalo,98069,489 Cedar St,Male
590,Fatima Garcia,41,03-06-1984,USA,California,San Francisco,73475,920 Sunset St,Female
591,Linda Doe,66,18-01-1959,USA,California,San Francisco,88036,894 Maple St,Male
592,Sophia Gupta,20,16-10-2005,India,Maharashtra,Mumbai,811598,454 Pine St,Female
593,David Kumar,60,25-01-1965,UK,England,London,67759,778 Lake St,Male
594,Jane Gupta,67,19-05-1958,Mexico,Jalisco,Guadalajara,94903,229 Elm St,Male
595,Maria Davis,58,07-11-1967,Canada,Quebec,Quebec City,44738,376 Oak St,Female
596,Emily Brown,38,06-08-1987,USA,Texas,Houston,29901,201 Washington St,Female
597,David Singh,19,19-02-2006,Mexico,Mexico City,Mexico City,44213,450 Oak St,Female
598,Priya Gupta,20,12-10-2005,UK,Scotland,Edinburgh,84410,179 Washington St,Female
599,Jane Singh,18,09-09-2007,USA,Texas,Austin,27743,381 Elm St,Male
600,Sophia Singh,59,25-01-1966,Canada,Ontario,Hamilton,55034,682 Main St,Female
601,Robert Patel,66,25-05-1959,USA,Texas,Austin,53724,410 Washington St,Female
602,David Mendoza,59,25-12-1966,USA,New York,Rochester,87629,810 Cedar St,Male
603,Robert Doe,70,01-06-1955,Canada,Ontario,Toronto,76309,185 Main St,Female
604,Priya Smith,53,15-04-1972,Mexico,Mexico City,Mexico City,95365,542 Maple St,Male
605,Fatima Garcia,49,20-08-1976,UK,England,Manchester,63165,810 Pine St,Male
606,Linda Brown,44,22-11-1981,Canada,Quebec,Quebec City,97500,232 Oak St,Male
607,Robert Smith,69,25-10-1956,Canada,Quebec,Quebec City,18577,215 Sunset St,Female
608,Priya Williams,45,23-05-1980,USA,New York,Rochester,57974,147 Main St,Male
609,Amit Patel,41,16-09-1984,Mexico,Mexico City,Mexico City,44386,570 Oak St,Female
610,David Davis,64,06-11-1961,UK,Scotland,Edinburgh,29016,213 Washington St,Female
611,John Davis,63,19-12-1962,Mexico,Jalisco,Guadalajara,95252,701 Maple St,Male
612,Sophia Lee,55,26-12-1970,India,Karnataka,Bangalore,338017,162 Maple St,Female
613,Alex Brown,25,16-03-2000,India,Karnataka,Bangalore,592801,406 Maple St,Male
614,John Smith,29,25-06-1996,UK,Scotland,Glasgow,43029,606 Washington St,Male
615,Carlos Williams,24,05-12-2001,UK,England,Birmingham,90107,711 Maple St,Male
616,Robert Martinez,55,15-10-1970,India,Telangana,Warangal,160736,235 Washington St,Female
617,Mohammed Patel,64,02-10-1961,Mexico,Mexico City,Mexico City,52504,219 Elm St,Male
618,Maria Davis,69,24-10-1956,India,Karnataka,Mysore,939026,548 Lake St,Female
619,Rahul Smith,52,22-04-1973,UK,England,Birmingham,92410,738 Hill St,Male
620,Robert Brown,57,09-11-1968,Canada,Ontario,Toronto,35643,928 Oak St,Female
621,Robert Gupta,41,26-05-1984,USA,California,San Diego,24138,200 Pine St,Male
622,Amit Gupta,35,20-10-1990,India,Karnataka,Bangalore,817067,654 Elm St,Male
623,David Smith,21,12-05-2004,Canada,Ontario,Ottawa,92040,663 Pine St,Male
624,Robert Davis,37,11-07-1988,Canada,Quebec,Quebec City,86541,12 Main St,Male
625,Priya Garcia,35,20-07-1990,UK,England,Manchester,23251,76 Lake St,Male
626,Maria Williams,68,13-07-1957,Mexico,Mexico City,Mexico City,88346,470 Cedar St,Male
627,Sophia Johnson,28,06-05-1997,Canada,Quebec,Quebec City,22503,180 Oak St,Male
628,Emily Patel,25,08-02-2000,USA,Texas,Austin,72573,118 Elm St,Male
629,Rahul Johnson,50,24-02-1975,USA,Texas,Austin,52406,849 Sunset St,Male
630,Priya Smith,28,27-07-1997,India,Karnataka,Bangalore,205766,110 Washington St,Male
631,John Garcia,25,09-12-2000,India,Telangana,Warangal,309849,386 Pine St,Male
632,Linda Gupta,27,09-03-1998,Mexico,Mexico City,Mexico City,55966,292 Elm St,Male
633,Jane Brown,70,17-04-1955,USA,California,San Diego,36689,41 Oak St,Male
634,Carlos Smith,51,24-06-1974,India,Maharashtra,Mumbai,803257,610 Oak St,Female
635,Mohammed Doe,31,15-03-1994,Canada,Quebec,Montreal,84554,70 Sunset St,Male
636,Linda Brown,32,23-01-1993,Canada,Ontario,Ottawa,59173,7 Lake St,Female
637,Rahul Doe,23,15-10-2002,Canada,Ontario,Ottawa,37422,405 Hill St,Female
638,Alex Brown,62,08-07-1963,India,Telangana,Warangal,385120,404 Cedar St,Female
639,Maria Lee,37,28-05-1988,USA,California,San Diego,20707,977 Lake St,Male
640,Alex Garcia,24,22-03-2001,India,Telangana,Hyderabad,612235,333 Elm St,Male
641,Maria Williams,66,01-11-1959,India,Telangana,Warangal,795290,402 Sunset St,Male
642,Maria Brown,60,11-01-1965,USA,New York,New York,97273,437 Pine St,Male
643,Robert Brown,67,26-07-1958,Mexico,Mexico City,Mexico City,76600,629 Cedar St,Male
644,John Lee,53,18-06-1972,Canada,Quebec,Montreal,59191,103 Sunset St,Male
645,Priya Mendoza,51,17-03-1974,UK,England,Manchester,89315,957 Cedar St,Male
646,Carlos Mendoza,62,27-02-1963,Canada,Ontario,Ottawa,36169,804 Maple St,Male
647,Alex Smith,18,03-09-2007,Canada,Ontario,Hamilton,26351,816 Hill St,Male
648,Carlos Martinez,25,20-07-2000,USA,New York,Buffalo,47770,825 Cedar St,Female
649,Mohammed Mendoza,32,06-03-1993,USA,New York,Rochester,60867,546 Lake St,Female
650,Robert Garcia,61,27-11-1964,Mexico,Jalisco,Puerto Vallarta,91652,577 Maple St,Female
651,Jane Garcia,42,18-02-1983,Mexico,Jalisco,Guadalajara,81578,772 Main St,Male
652,Priya Davis,27,16-08-1998,USA,Texas,Austin,98797,58 Washington St,Female
653,Emily Singh,18,09-07-2007,Mexico,Jalisco,Guadalajara,44217,96 Washington St,Female
654,Linda Singh,48,24-09-1977,UK,England,Manchester,69554,820 Hill St,Male
655,Carlos Mendoza,60,21-12-1965,India,Maharashtra,Pune,777532,406 Pine St,Male
656,Mohammed Patel,64,05-04-1961,Canada,Ontario,Hamilton,29081,545 Maple St,Male
657,Emily Davis,40,06-07-1985,USA,New York,New York,80872,159 Pine St,Female
658,Mohammed Smith,41,28-05-1984,USA,New York,Rochester,77360,274 Elm St,Female
659,Mohammed Brown,50,09-08-1975,USA,California,Los Angeles,76257,720 Maple St,Male
660,Mohammed Doe,43,15-12-1982,India,Maharashtra,Mumbai,241391,856 Cedar St,Female
661,Jane Martinez,29,02-04-1996,USA,Texas,Austin,27629,208 Elm St,Male
662,Linda Johnson,35,07-05-1990,India,Karnataka,Bangalore,214280,937 Lake St,Female
663,Rahul Patel,48,15-08-1977,Canada,Ontario,Toronto,57173,73 Cedar St,Female
664,John Johnson,66,15-04-1959,Mexico,Jalisco,Guadalajara,16172,426 Lake St,Male
665,Priya Patel,57,07-12-1968,India,Maharashtra,Mumbai,415272,429 Lake St,Male
666,Mohammed Mendoza,55,21-01-1970,Mexico,Mexico City,Mexico City,77275,973 Main St,Female
667,Robert Johnson,49,21-07-1976,India,Karnataka,Bangalore,726781,691 Pine St,Female
668,Sophia Smith,50,08-10-1975,Mexico,Mexico City,Mexico City,66981,43 Main St,Female
669,David Lee,37,19-10-1988,India,Maharashtra,Pune,143127,240 Cedar St,Female
670,David Davis,40,28-01-1985,Mexico,Jalisco,Puerto Vallarta,50399,860 Maple St,Female
671,Sophia Davis,20,26-03-2005,Canada,Ontario,Ottawa,17498,662 Maple St,Male
672,Amit Garcia,23,06-12-2002,Mexico,Mexico City,Mexico City,49202,612 Washington St,Male
673,Fatima Brown,32,14-08-1993,USA,Texas,Dallas,55905,304 Hill St,Male
674,Robert Brown,41,09-11-1984,Mexico,Mexico City,Mexico City,57249,204 Elm St,Male
675,Alex Patel,69,25-03-1956,India,Maharashtra,Mumbai,699555,235 Elm St,Male
676,Linda Kumar,48,27-04-1977,Canada,Ontario,Toronto,77554,818 Washington St,Female
677,Fatima Singh,18,02-12-2007,USA,Texas,Dallas,91222,681 Washington St,Female
678,Emily Lee,28,03-07-1997,India,Karnataka,Bangalore,893706,302 Washington St,Female
679,John Singh,44,26-06-1981,Canada,Ontario,Hamilton,31369,322 Washington St,Male
680,Jane Martinez,44,03-10-1981,Canada,Ontario,Hamilton,95742,724 Washington St,Male
681,Sophia Johnson,61,20-11-1964,UK,Scotland,Glasgow,79219,418 Oak St,Female
682,Mohammed Kumar,29,06-09-1996,Canada,Ontario,Toronto,49048,687 Washington St,Female
683,Linda Garcia,68,03-06-1957,Canada,Quebec,Quebec City,69004,233 Lake St,Male
684,Emily Mendoza,59,02-10-1966,UK,Scotland,Glasgow,20761,451 Elm St,Male
685,Rahul Martinez,25,21-09-2000,UK,England,Birmingham,68258,532 Pine St,Male
686,Alex Mendoza,62,24-12-1963,India,Karnataka,Mysore,513871,454 Sunset St,Male
687,Fatima Kumar,26,24-03-1999,Mexico,Mexico City,Mexico City,52822,463 Washington St,Male
688,John Mendoza,21,20-11-2004,Canada,Quebec,Montreal,75094,637 Main St,Male
689,Jane Kumar,56,14-05-1969,UK,England,Manchester,23367,625 Cedar St,Female
690,Priya Brown,22,17-07-2003,USA,Texas,Houston,33999,845 Hill St,Female
691,Maria Singh,31,25-12-1994,India,Maharashtra,Pune,210289,791 Pine St,Female
692,Priya Patel,53,05-01-1972,Canada,Ontario,Ottawa,59248,186 Lake St,Female
693,Mohammed Doe,59,27-11-1966,Mexico,Jalisco,Guadalajara,50906,99 Hill St,Male
694,Maria Lee,63,17-10-1962,UK,Scotland,Edinburgh,66771,939 Hill St,Female
695,Linda Kumar,56,25-11-1969,Mexico,Jalisco,Puerto Vallarta,16618,461 Maple St,Male
696,Amit Williams,40,10-07-1985,Canada,Ontario,Toronto,27547,987 Cedar St,Female
697,Carlos Williams,52,10-07-1973,USA,New York,Buffalo,36788,477 Cedar St,Male
698,Fatima Johnson,56,13-11-1969,Canada,Quebec,Quebec City,82095,774 Sunset St,Male
699,Priya Gupta,33,28-12-1992,UK,Scotland,Glasgow,16840,289 Elm St,Female
700,David Williams,24,19-07-2001,Canada,Quebec,Quebec City,76898,137 Maple St,Male
701,David Smith,64,06-03-1961,India,Karnataka,Bangalore,848116,109 Sunset St,Male
702,Maria Martinez,38,10-05-1987,UK,England,Manchester,28793,943 Sunset St,Female
703,Carlos Patel,69,19-02-1956,UK,England,Birmingham,74501,62 Cedar St,Male
704,Amit Garcia,39,18-11-1986,Canada,Ontario,Ottawa,70148,560 Pine St,Male
705,Fatima Gupta,26,04-09-1999,India,Maharashtra,Pune,768926,611 Cedar St,Male
706,Sophia Kumar,48,08-10-1977,Canada,Quebec,Quebec City,91722,721 Maple St,Female
707,Linda Lee,26,12-06-1999,India,Telangana,Warangal,980481,672 Sunset St,Male
708,David Williams,69,21-12-1956,USA,California,San Diego,81631,682 Cedar St,Male
709,Mohammed Garcia,41,02-08-1984,USA,California,San Diego,60897,376 Pine St,Male
710,Alex Lee,55,11-11-1970,Canada,Ontario,Hamilton,96788,9 Oak St,Female
711,Emily Doe,65,13-07-1960,Mexico,Mexico City,Mexico City,78400,364 Elm St,Male
712,Fatima Doe,38,23-06-1987,Mexico,Jalisco,Guadalajara,59527,993 Maple St,Male
713,Alex Williams,39,11-02-1986,UK,Scotland,Edinburgh,62325,812 Elm St,Female
714,Linda Singh,30,06-06-1995,Canada,Quebec,Montreal,57554,580 Washington St,Female
715,Linda Williams,47,07-03-1978,Canada,Quebec,Quebec City,43030,251 Maple St,Female
716,John Lee,59,18-10-1966,India,Karnataka,Bangalore,704197,809 Oak St,Female
717,Fatima Garcia,66,14-09-1959,USA,New York,New York,24335,808 Pine St,Female
718,Jane Johnson,41,05-11-1984,Mexico,Mexico City,Mexico City,56402,927 Hill St,Male
719,Alex Johnson,23,05-04-2002,USA,Texas,Dallas,11847,521 Pine St,Female
720,Emily Brown,62,23-08-1963,Canada,Quebec,Quebec City,86454,436 Sunset St,Male
721,Robert Johnson,41,10-04-1984,USA,California,San Francisco,75852,100 Cedar St,Male
722,Fatima Doe,49,18-10-1976,India,Karnataka,Mysore,818557,455 Elm St,Male
723,Rahul Johnson,57,10-07-1968,Canada,Ontario,Ottawa,94932,696 Elm St,Male
724,Amit Martinez,63,26-01-1962,USA,California,San Francisco,13926,183 Main St,Female
725,Maria Brown,21,07-12-2004,India,Telangana,Warangal,211775,318 Pine St,Female
726,Robert Gupta,26,14-10-1999,Mexico,Jalisco,Puerto Vallarta,49069,465 Maple St,Female
727,Priya Smith,22,20-08-2003,Canada,Ontario,Toronto,50107,650 Lake St,Male
728,Sophia Singh,26,14-09-1999,USA,New York,New York,61009,648 Elm St,Male
729,Jane Williams,54,04-08-1971,Mexico,Mexico City,Mexico City,14928,558 Pine St,Male
730,Emily Doe,30,07-03-1995,Canada,Quebec,Quebec City,13546,405 Pine St,Female
731,Priya Garcia,32,11-06-1993,Mexico,Mexico City,Mexico City,23394,131 Elm St,Female
732,Alex Gupta,47,27-10-1978,USA,New York,Rochester,21936,96 Pine St,Female
733,Jane Williams,45,18-03-1980,UK,England,Birmingham,24383,958 Maple St,Male
734,Amit Garcia,19,02-02-2006,USA,New York,New York,57462,357 Maple St,Male
735,Fatima Smith,60,03-05-1965,USA,California,San Diego,69521,568 Elm St,Female
736,John Mendoza,31,10-04-1994,UK,England,Manchester,18541,903 Sunset St,Male
737,Alex Patel,54,25-09-1971,Mexico,Mexico City,Mexico City,54162,731 Sunset St,Female
738,Priya Brown,52,13-02-1973,India,Karnataka,Mysore,652503,793 Pine St,Male
739,Emily Davis,70,01-11-1955,USA,Texas,Dallas,94764,782 Lake St,Male
740,Robert Patel,26,14-07-1999,India,Maharashtra,Pune,589027,737 Main St,Female
741,Mohammed Mendoza,57,07-09-1968,USA,Texas,Houston,98826,605 Cedar St,Male
742,Amit Kumar,49,03-05-1976,Canada,Quebec,Quebec City,33939,856 Cedar St,Female
743,Fatima Kumar,53,17-07-1972,Canada,Ontario,Hamilton,24015,510 Lake St,Male
744,Amit Singh,25,07-01-2000,Canada,Quebec,Montreal,42374,378 Cedar St,Male
745,Carlos Patel,30,24-11-1995,USA,California,San Diego,82199,804 Cedar St,Female
746,Mohammed Singh,27,26-01-1998,Canada,Quebec,Montreal,76923,85 Lake St,Female
747,Emily Smith,48,08-11-1977,UK,England,London,80950,853 Cedar St,Male
748,Carlos Lee,59,09-01-1966,Mexico,Mexico City,Mexico City,95838,829 Cedar St,Male
749,Mohammed Johnson,40,12-10-1985,India,Karnataka,Bangalore,505757,887 Washington St,Male
750,Alex Williams,69,20-06-1956,USA,Texas,Houston,60732,703 Main St,Male
751,Linda Davis,59,28-08-1966,USA,New York,New York,36485,911 Maple St,Female
752,Fatima Brown,45,08-02-1980,Canada,Quebec,Montreal,18273,399 Sunset St,Female
753,Priya Mendoza,37,20-07-1988,USA,California,San Diego,92269,771 Elm St,Female
754,Jane Doe,55,22-02-1970,Mexico,Jalisco,Guadalajara,35779,323 Sunset St,Male
755,Sophia Garcia,60,26-02-1965,Mexico,Mexico City,Mexico City,35988,59 Hill St,Male
756,Amit Lee,62,27-01-1963,Canada,Ontario,Hamilton,10680,895 Cedar St,Male
757,Carlos Johnson,51,28-05-1974,Canada,Ontario,Hamilton,47702,297 Washington St,Male
758,Priya Brown,42,23-12-1983,UK,Scotland,Glasgow,46957,524 Oak St,Female
759,David Brown,26,05-02-1999,Canada,Ontario,Hamilton,52834,831 Main St,Male
760,Sophia Doe,69,19-11-1956,UK,Scotland,Edinburgh,85307,336 Sunset St,Female
761,Jane Davis,57,25-08-1968,India,Maharashtra,Pune,297989,532 Maple St,Male
762,John Williams,62,01-05-1963,Canada,Quebec,Montreal,17777,252 Maple St,Male
763,Linda Patel,30,18-10-1995,UK,Scotland,Glasgow,14371,854 Hill St,Female
764,Maria Doe,37,13-04-1988,India,Telangana,Warangal,434387,15 Hill St,Female
765,David Kumar,52,19-06-1973,Canada,Quebec,Montreal,42485,208 Elm St,Male
766,Maria Singh,57,25-08-1968,Mexico,Jalisco,Puerto Vallarta,78786,935 Sunset St,Female
767,Jane Brown,25,06-07-2000,India,Karnataka,Mysore,190949,890 Oak St,Female
768,Maria Gupta,66,05-08-1959,Canada,Quebec,Quebec City,63022,696 Elm St,Male
769,Sophia Williams,68,04-11-1957,UK,England,Birmingham,70033,664 Main St,Male
770,Linda Davis,48,03-08-1977,Canada,Ontario,Hamilton,28517,988 Washington St,Male
771,Fatima Mendoza,22,21-01-2003,UK,England,Manchester,16990,365 Main St,Female
772,Emily Martinez,28,18-11-1997,Mexico,Mexico City,Mexico City,60139,753 Elm St,Male
773,David Smith,51,15-09-1974,UK,Scotland,Glasgow,24904,362 Oak St,Male
774,Carlos Doe,68,16-01-1957,UK,Scotland,Glasgow,68295,76 Elm St,Female
775,Carlos Davis,24,03-07-2001,Canada,Ontario,Hamilton,98819,577 Main St,Male
776,Mohammed Brown,41,19-03-1984,Canada,Ontario,Ottawa,50685,237 Lake St,Female
777,Rahul Davis,34,15-10-1991,Canada,Ontario,Ottawa,32315,874 Main St,Male
778,Emily Davis,23,22-09-2002,Mexico,Mexico City,Mexico City,44482,115 Washington St,Female
779,Amit Kumar,61,17-07-1964,Mexico,Mexico City,Mexico City,75888,443 Lake St,Female
780,Priya Brown,48,14-07-1977,Mexico,Mexico City,Mexico City,71068,931 Hill St,Female
781,Priya Patel,25,05-01-2000,Mexico,Jalisco,Guadalajara,19809,756 Elm St,Female
782,Maria Gupta,41,06-08-1984,USA,New York,Rochester,61277,251 Oak St,Male
783,David Smith,64,09-01-1961,USA,California,San Francisco,51723,831 Sunset St,Female
784,Maria Gupta,51,14-06-1974,Mexico,Mexico City,Mexico City,79811,520 Pine St,Female
785,Amit Mendoza,35,23-03-1990,India,Telangana,Hyderabad,436498,381 Sunset St,Male
786,Priya Davis,49,20-06-1976,Canada,Ontario,Ottawa,60953,263 Hill St,Female
787,David Kumar,29,14-08-1996,Canada,Ontario,Toronto,39590,28 Cedar St,Female
788,David Mendoza,36,22-04-1989,UK,England,London,78995,9 Maple St,Female
789,Emily Davis,56,23-06-1969,USA,New York,New York,80080,647 Elm St,Male
790,John Patel,38,26-08-1987,India,Telangana,Warangal,886276,607 Elm St,Male
791,Jane Davis,23,03-06-2002,India,Telangana,Hyderabad,454456,548 Main St,Male
792,Rahul Mendoza,63,10-08-1962,USA,Texas,Austin,66618,937 Sunset St,Female
793,John Doe,66,25-03-1959,USA,Texas,Austin,76522,280 Washington St,Male
794,Sophia Williams,44,09-12-1981,UK,England,Manchester,68275,866 Maple St,Male
795,Mohammed Mendoza,40,21-04-1985,UK,England,Birmingham,34713,643 Washington St,Male
796,Fatima Mendoza,35,02-11-1990,UK,Scotland,Glasgow,25069,647 Elm St,Female
797,Carlos Williams,21,04-01-2004,UK,Scotland,Glasgow,46132,263 Elm St,Male
798,Robert Patel,69,06-07-1956,Mexico,Mexico City,Mexico City,11290,866 Elm St,Female
799,Jane Doe,37,15-03-1988,Canada,Quebec,Montreal,12268,943 Pine St,Male
800,David Gupta,26,10-01-1999,USA,New York,New York,73628,515 Sunset St,Female
801,John Davis,25,27-12-2000,Mexico,Mexico City,Mexico City,57751,67 Sunset St,Female
802,Rahul Johnson,35,22-06-1990,Canada,Ontario,Ottawa,44041,530 Cedar St,Female
803,Rahul Lee,59,13-02-1966,Mexico,Mexico City,Mexico City,18855,173 Cedar St,Male
804,Linda Singh,42,09-03-1983,USA,Texas,Austin,84273,714 Washington St,Male
805,John Davis,60,23-05-1965,UK,Scotland,Glasgow,74006,660 Maple St,Female
806,Carlos Doe,20,18-09-2005,UK,Scotland,Glasgow,74164,655 Main St,Female
807,Emily Singh,59,14-05-1966,USA,California,San Diego,36989,402 Sunset St,Male
808,Robert Lee,60,05-05-1965,Canada,Quebec,Quebec City,17347,560 Oak St,Male
809,Rahul Davis,45,16-10-1980,USA,California,Los Angeles,91611,464 Washington St,Male
810,Amit Brown,47,14-01-1978,UK,England,Manchester,20008,393 Cedar St,Female
811,Jane Lee,29,28-08-1996,USA,Texas,Austin,12426,485 Pine St,Male
812,Linda Doe,31,22-10-1994,UK,Scotland,Glasgow,36740,406 Lake St,Female
813,Amit Patel,67,01-03-1958,USA,New York,Buffalo,62616,698 Maple St,Female
814,Mohammed Patel,26,23-10-1999,Canada,Ontario,Ottawa,85790,508 Main St,Male
815,Robert Garcia,18,07-04-2007,Canada,Ontario,Ottawa,85970,122 Hill St,Male
816,Linda Williams,20,18-11-2005,Canada,Ontario,Ottawa,96226,856 Lake St,Female
817,Emily Kumar,39,26-05-1986,USA,Texas,Austin,73003,583 Washington St,Male
818,Sophia Martinez,30,08-05-1995,Mexico,Jalisco,Guadalajara,39335,367 Lake St,Female
819,Amit Singh,48,02-07-1977,Canada,Ontario,Toronto,95530,186 Cedar St,Female
820,Alex Williams,39,02-06-1986,UK,Scotland,Glasgow,49663,676 Sunset St,Male
821,Amit Mendoza,69,26-10-1956,Mexico,Jalisco,Guadalajara,83740,332 Cedar St,Female
822,Emily Kumar,52,08-07-1973,USA,Texas,Dallas,74550,666 Elm St,Male
823,Alex Brown,24,02-07-2001,UK,Scotland,Edinburgh,71052,998 Main St,Female
824,Rahul Singh,25,03-06-2000,India,Telangana,Warangal,384776,231 Maple St,Female
825,Carlos Singh,49,26-09-1976,UK,England,London,47173,116 Oak St,Female
826,Sophia Brown,55,17-12-1970,USA,Texas,Austin,19985,304 Sunset St,Male
827,John Lee,41,19-10-1984,Canada,Ontario,Hamilton,35122,833 Washington St,Male
828,John Brown,67,03-04-1958,USA,New York,New York,83223,37 Oak St,Male
829,Mohammed Mendoza,46,06-05-1979,Canada,Quebec,Montreal,74489,76 Pine St,Male
830,Maria Smith,31,13-02-1994,Canada,Ontario,Hamilton,47728,185 Hill St,Female
831,Rahul Kumar,60,24-08-1965,UK,Scotland,Glasgow,60104,751 Cedar St,Male
832,Alex Lee,39,15-07-1986,India,Karnataka,Mysore,915741,959 Elm St,Male
833,Emily Patel,31,08-07-1994,Canada,Ontario,Hamilton,76734,303 Oak St,Female
834,Fatima Gupta,36,04-08-1989,India,Karnataka,Mysore,676082,265 Oak St,Male
835,Maria Martinez,59,11-09-1966,Mexico,Jalisco,Guadalajara,17369,371 Main St,Male
836,David Gupta,61,15-02-1964,Canada,Ontario,Hamilton,98580,211 Washington St,Male
837,Rahul Lee,59,24-11-1966,USA,California,San Francisco,67477,536 Oak St,Female
838,Alex Williams,43,26-12-1982,Canada,Ontario,Hamilton,27624,193 Maple St,Male
839,Maria Doe,44,20-04-1981,UK,Scotland,Glasgow,27971,297 Pine St,Female
840,Jane Patel,57,08-07-1968,UK,England,Manchester,29980,170 Hill St,Female
841,Rahul Kumar,34,02-09-1991,India,Telangana,Warangal,949736,204 Hill St,Male
842,Mohammed Singh,56,23-06-1969,USA,California,San Francisco,34600,571 Lake St,Female
843,Linda Martinez,55,07-07-1970,India,Maharashtra,Mumbai,630174,938 Hill St,Male
844,John Gupta,42,27-05-1983,Canada,Ontario,Hamilton,31801,239 Oak St,Female
845,John Williams,62,07-02-1963,Canada,Quebec,Quebec City,96990,218 Hill St,Male
846,Fatima Martinez,37,03-03-1988,India,Maharashtra,Pune,830940,870 Washington St,Female
847,Jane Johnson,50,03-07-1975,India,Maharashtra,Mumbai,656590,439 Lake St,Male
848,Robert Garcia,64,06-08-1961,Canada,Quebec,Quebec City,63589,881 Elm St,Male
849,Mohammed Garcia,40,15-03-1985,UK,Scotland,Edinburgh,85072,842 Elm St,Female
850,Priya Martinez,36,06-10-1989,Mexico,Jalisco,Puerto Vallarta,60635,136 Pine St,Female
851,Carlos Lee,52,25-05-1973,Canada,Quebec,Quebec City,24308,372 Cedar St,Male
852,Emily Lee,22,23-08-2003,Mexico,Jalisco,Puerto Vallarta,37951,78 Hill St,Male
853,Alex Patel,48,28-03-1977,USA,New York,Rochester,84793,29 Elm St,Male
854,David Kumar,69,15-08-1956,USA,California,San Diego,69936,491 Main St,Male
855,Amit Lee,34,15-02-1991,India,Karnataka,Bangalore,261047,196 Hill St,Male
856,Priya Kumar,45,15-07-1980,UK,England,London,94452,293 Oak St,Female
857,Carlos Patel,46,06-07-1979,UK,England,Birmingham,76545,810 Oak St,Female
858,Robert Williams,55,27-05-1970,UK,England,London,83648,370 Lake St,Male
859,Amit Gupta,44,07-09-1981,UK,Scotland,Glasgow,85746,932 Pine St,Female
860,Robert Mendoza,64,05-05-1961,USA,California,Los Angeles,61371,547 Washington St,Male
861,Robert Martinez,65,19-06-1960,Canada,Ontario,Hamilton,92535,944 Hill St,Female
862,Fatima Kumar,44,06-08-1981,Mexico,Mexico City,Mexico City,68688,436 Washington St,Female
863,Priya Gupta,51,14-06-1974,Canada,Quebec,Quebec City,48419,139 Oak St,Female
864,Mohammed Williams,28,22-01-1997,India,Maharashtra,Pune,331738,485 Lake St,Female
865,Maria Lee,31,02-12-1994,Canada,Ontario,Hamilton,39560,723 Washington St,Male
866,Rahul Williams,57,05-11-1968,Canada,Quebec,Quebec City,19080,212 Hill St,Female
867,Mohammed Williams,58,06-02-1967,Mexico,Mexico City,Mexico City,15741,180 Washington St,Male
868,Mohammed Brown,34,25-11-1991,UK,Scotland,Edinburgh,75317,493 Elm St,Female
869,Amit Mendoza,56,23-09-1969,Mexico,Jalisco,Puerto Vallarta,75333,8 Oak St,Male
870,Sophia Johnson,69,16-09-1956,Canada,Quebec,Quebec City,83186,983 Lake St,Male
871,Maria Williams,55,20-10-1970,Canada,Ontario,Ottawa,95049,802 Cedar St,Male
872,David Patel,19,22-05-2006,Canada,Quebec,Quebec City,19442,39 Oak St,Female
873,Alex Martinez,66,14-12-1959,USA,California,San Diego,67098,739 Elm St,Male
874,Rahul Gupta,63,02-08-1962,UK,Scotland,Edinburgh,65752,990 Maple St,Female
875,John Davis,36,21-03-1989,India,Karnataka,Bangalore,654226,473 Oak St,Female
876,Alex Martinez,55,25-01-1970,UK,Scotland,Glasgow,61420,885 Lake St,Male
877,Sophia Williams,24,17-01-2001,Canada,Ontario,Ottawa,60111,223 Pine St,Male
878,Sophia Davis,57,21-08-1968,USA,Texas,Austin,30092,443 Main St,Male
879,Maria Patel,44,23-01-1981,India,Karnataka,Bangalore,631663,623 Pine St,Male
880,Jane Davis,46,18-08-1979,USA,New York,New York,19247,285 Cedar St,Female
881,Emily Smith,56,13-06-1969,USA,Texas,Dallas,69410,304 Sunset St,Male
882,Amit Johnson,69,23-01-1956,UK,Scotland,Glasgow,76045,771 Maple St,Female
883,Linda Kumar,35,12-07-1990,UK,England,London,50917,218 Oak St,Female
884,Maria Williams,59,16-07-1966,Mexico,Jalisco,Guadalajara,46715,483 Lake St,Female
885,Linda Mendoza,35,13-09-1990,USA,California,San Diego,61150,184 Pine St,Male
886,Priya Singh,45,01-03-1980,India,Telangana,Hyderabad,144146,279 Sunset St,Female
887,David Kumar,49,06-03-1976,India,Maharashtra,Mumbai,972057,855 Oak St,Male
888,Amit Garcia,36,13-07-1989,India,Karnataka,Bangalore,317291,661 Cedar St,Female
889,Alex Singh,22,22-10-2003,UK,Scotland,Edinburgh,66270,745 Sunset St,Female
890,Robert Williams,31,09-02-1994,USA,New York,Buffalo,70055,600 Cedar St,Female
891,Carlos Singh,32,23-07-1993,UK,Scotland,Edinburgh,99012,208 Washington St,Male
892,Carlos Williams,66,12-08-1959,Mexico,Mexico City,Mexico City,18605,851 Hill St,Female
893,Jane Gupta,69,02-12-1956,USA,California,San Francisco,52846,27 Lake St,Male
894,Maria Garcia,46,03-11-1979,UK,Scotland,Edinburgh,12800,493 Pine St,Male
895,Rahul Smith,36,19-11-1989,Mexico,Mexico City,Mexico City,44418,200 Lake St,Male
896,Sophia Johnson,26,07-04-1999,India,Maharashtra,Pune,539153,448 Oak St,Male
897,Fatima Garcia,66,16-07-1959,Canada,Ontario,Toronto,30030,656 Lake St,Male
898,Robert Lee,29,24-08-1996,UK,England,Birmingham,74753,229 Pine St,Male
899,Emily Patel,38,20-12-1987,India,Maharashtra,Pune,542615,365 Pine St,Female
900,Linda Mendoza,24,08-04-2001,Canada,Quebec,Quebec City,40313,636 Pine St,Female
901,David Martinez,29,19-04-1996,UK,Scotland,Edinburgh,34821,134 Pine St,Female
902,Linda Martinez,33,26-03-1992,Mexico,Jalisco,Guadalajara,81019,524 Cedar St,Male
903,Rahul Singh,43,04-05-1982,India,Telangana,Warangal,105167,508 Lake St,Female
904,Amit Williams,57,05-11-1968,India,Karnataka,Mysore,257765,183 Sunset St,Male
905,David Johnson,63,13-01-1962,UK,England,Manchester,21865,503 Main St,Female
906,Linda Mendoza,19,10-05-2006,Canada,Ontario,Toronto,42147,786 Cedar St,Female
907,Alex Gupta,66,19-03-1959,UK,Scotland,Glasgow,17072,477 Pine St,Female
908,Linda Garcia,56,15-06-1969,Canada,Ontario,Toronto,63260,960 Hill St,Male
909,Sophia Davis,63,19-04-1962,Mexico,Mexico City,Mexico City,63710,581 Oak St,Female
910,Carlos Brown,64,16-09-1961,USA,California,Los Angeles,40120,157 Sunset St,Female
911,Rahul Davis,24,15-04-2001,USA,New York,Rochester,76782,671 Oak St,Male
912,Linda Johnson,39,14-07-1986,Canada,Ontario,Hamilton,44966,630 Hill St,Male
913,Rahul Brown,67,13-05-1958,Canada,Ontario,Toronto,57073,488 Pine St,Female
914,Linda Kumar,70,26-02-1955,UK,Scotland,Edinburgh,11188,905 Maple St,Female
915,Sophia Lee,18,16-01-2007,UK,England,London,61741,618 Cedar St,Male
916,Maria Martinez,27,14-07-1998,Mexico,Mexico City,Mexico City,93222,671 Hill St,Female
917,Priya Lee,57,20-06-1968,UK,Scotland,Glasgow,10682,792 Sunset St,Male
918,Amit Lee,69,23-03-1956,Canada,Ontario,Ottawa,74488,622 Pine St,Male
919,Emily Mendoza,18,01-02-2007,India,Telangana,Warangal,696872,785 Oak St,Female
920,Alex Brown,62,16-10-1963,India,Telangana,Warangal,478314,546 Lake St,Male
921,David Lee,23,22-07-2002,Canada,Ontario,Toronto,43186,934 Elm St,Female
922,Maria Kumar,34,24-07-1991,USA,Texas,Austin,39345,231 Washington St,Female
923,Robert Davis,26,22-09-1999,Canada,Ontario,Hamilton,86688,74 Elm St,Male
924,Carlos Davis,62,14-12-1963,USA,California,San Diego,40296,964 Washington St,Male
925,David Martinez,28,27-10-1997,Mexico,Mexico City,Mexico City,84752,119 Sunset St,Male
926,Fatima Smith,27,17-07-1998,Mexico,Mexico City,Mexico City,42176,856 Main St,Male
927,Linda Davis,23,07-01-2002,Canada,Ontario,Ottawa,60576,540 Pine St,Female
928,Fatima Kumar,58,19-12-1967,Canada,Quebec,Montreal,40483,560 Washington St,Male
929,Linda Johnson,57,11-08-1968,USA,Texas,Houston,30807,552 Washington St,Female
930,Linda Mendoza,22,26-04-2003,UK,England,Manchester,22720,587 Lake St,Male
931,Mohammed Doe,27,22-03-1998,India,Karnataka,Mysore,799790,204 Elm St,Male
932,Robert Lee,63,23-04-1962,India,Maharashtra,Mumbai,743829,417 Pine St,Female
933,Alex Davis,37,19-02-1988,Mexico,Jalisco,Guadalajara,54267,464 Sunset St,Male
934,Rahul Patel,45,06-05-1980,Canada,Quebec,Montreal,79028,35 Washington St,Female
935,Carlos Gupta,18,12-03-2007,India,Telangana,Warangal,102407,99 Cedar St,Female
936,John Johnson,18,03-05-2007,Canada,Quebec,Quebec City,57129,596 Maple St,Female
937,Sophia Patel,28,22-03-1997,USA,Texas,Dallas,14846,841 Cedar St,Female
938,Sophia Singh,18,03-03-2007,Mexico,Jalisco,Puerto Vallarta,76605,930 Elm St,Male
939,David Singh,25,24-06-2000,India,Telangana,Hyderabad,148212,77 Cedar St,Male
940,Carlos Singh,51,11-07-1974,Canada,Quebec,Quebec City,97810,956 Maple St,Male
941,Fatima Johnson,55,15-06-1970,India,Telangana,Warangal,664949,143 Maple St,Female
942,Amit Garcia,23,27-02-2002,UK,England,Birmingham,54704,209 Lake St,Female
943,Fatima Williams,35,24-04-1990,India,Karnataka,Mysore,426554,623 Main St,Male
944,Priya Singh,27,25-08-1998,UK,England,London,29978,602 Elm St,Female
945,Amit Lee,43,05-07-1982,UK,England,London,61295,63 Cedar St,Male
946,David Kumar,47,26-06-1978,Mexico,Mexico City,Mexico City,77711,180 Main St,Female
947,Alex Kumar,32,16-03-1993,India,Maharashtra,Mumbai,936007,284 Main St,Male
948,Robert Garcia,48,02-05-1977,India,Telangana,Hyderabad,183794,632 Pine St,Male
949,Carlos Smith,19,10-02-2006,India,Maharashtra,Mumbai,248017,448 Lake St,Male
950,Priya Singh,43,08-02-1982,Mexico,Jalisco,Puerto Vallarta,25887,622 Oak St,Female
951,John Brown,62,04-12-1963,India,Karnataka,Mysore,401828,486 Maple St,Female
952,John Smith,33,03-04-1992,UK,Scotland,Edinburgh,49654,130 Cedar St,Female
953,Rahul Patel,65,15-01-1960,Mexico,Jalisco,Guadalajara,17783,133 Lake St,Female
954,Linda Gupta,48,11-01-1977,Mexico,Jalisco,Guadalajara,92126,120 Main St,Male
955,Alex Davis,24,22-09-2001,UK,Scotland,Edinburgh,99286,298 Sunset St,Male
956,Linda Lee,21,21-09-2004,India,Telangana,Warangal,439981,569 Pine St,Male
957,Emily Brown,43,07-02-1982,India,Telangana,Warangal,800776,615 Main St,Male
958,John Davis,27,12-11-1998,Canada,Ontario,Toronto,80208,706 Lake St,Female
959,Mohammed Gupta,26,06-04-1999,Canada,Quebec,Quebec City,68081,337 Sunset St,Female
960,Robert Mendoza,32,15-02-1993,Mexico,Jalisco,Puerto Vallarta,80263,747 Cedar St,Female
961,Maria Mendoza,18,01-06-2007,Mexico,Jalisco,Puerto Vallarta,64378,908 Oak St,Male
962,Robert Smith,63,03-09-1962,USA,California,Los Angeles,74908,328 Lake St,Male
963,Amit Williams,42,18-06-1983,USA,California,Los Angeles,87814,324 Hill St,Male
964,Rahul Patel,26,19-09-1999,Mexico,Jalisco,Guadalajara,76210,611 Cedar St,Female
965,Emily Doe,66,05-02-1959,Canada,Quebec,Quebec City,37599,387 Maple St,Female
966,Mohammed Garcia,34,27-03-1991,UK,England,Birmingham,78805,315 Oak St,Female
967,Mohammed Brown,53,24-09-1972,USA,New York,Rochester,29987,866 Oak St,Male
968,Carlos Smith,50,04-11-1975,India,Karnataka,Mysore,180084,739 Pine St,Male
969,Carlos Lee,62,20-12-1963,Canada,Ontario,Hamilton,94687,520 Washington St,Female
970,Maria Williams,63,19-06-1962,Mexico,Mexico City,Mexico City,51800,692 Elm St,Female
971,Robert Smith,31,14-02-1994,USA,Texas,Houston,14914,388 Hill St,Female
972,Alex Johnson,51,18-06-1974,UK,England,Manchester,48117,654 Oak St,Male
973,John Martinez,62,20-01-1963,USA,New York,Buffalo,81578,46 Hill St,Female
974,Priya Garcia,38,22-09-1987,Canada,Quebec,Quebec City,97523,151 Maple St,Male
975,Linda Lee,49,10-05-1976,UK,Scotland,Glasgow,66570,954 Oak St,Male
976,John Mendoza,38,01-01-1987,India,Karnataka,Bangalore,511325,642 Oak St,Female
977,Carlos Davis,52,11-10-1973,Canada,Ontario,Hamilton,57697,753 Pine St,Male
978,David Martinez,51,24-03-1974,India,Telangana,Hyderabad,572116,948 Elm St,Male
979,Priya Garcia,61,01-12-1964,Mexico,Jalisco,Guadalajara,56469,660 Pine St,Female
980,Fatima Williams,43,09-12-1982,UK,England,Birmingham,55504,65 Lake St,Male
981,Emily Williams,31,14-10-1994,Mexico,Mexico City,Mexico City,52361,107 Pine St,Male
982,John Martinez,70,08-05-1955,Mexico,Jalisco,Puerto Vallarta,28699,798 Main St,Male
983,Jane Johnson,29,05-03-1996,Mexico,Mexico City,Mexico City,31621,656 Washington St,Female
984,Jane Davis,42,28-03-1983,UK,Scotland,Edinburgh,26460,117 Pine St,Female
985,Sophia Smith,39,25-04-1986,India,Maharashtra,Mumbai,653983,684 Elm St,Female
986,Emily Brown,48,15-10-1977,Canada,Ontario,Toronto,31594,81 Sunset St,Male
987,Robert Mendoza,29,01-06-1996,India,Telangana,Warangal,400974,690 Pine St,Male
988,Robert Singh,38,19-08-1987,Mexico,Mexico City,Mexico City,64769,865 Washington St,Female
989,Rahul Kumar,26,23-07-1999,Canada,Quebec,Montreal,11895,643 Cedar St,Female
990,Amit Doe,18,07-07-2007,USA,California,Los Angeles,45735,579 Pine St,Male
991,Sophia Mendoza,19,05-08-2006,USA,California,San Diego,28389,926 Maple St,Female
992,Alex Brown,47,09-08-1978,USA,New York,Rochester,39654,39 Washington St,Male
993,Fatima Garcia,30,12-04-1995,Mexico,Jalisco,Puerto Vallarta,59959,502 Pine St,Male
994,Carlos Brown,62,17-01-1963,Canada,Ontario,Toronto,59090,91 Sunset St,Male
995,David Brown,41,04-01-1984,India,Karnataka,Bangalore,793942,750 Pine St,Male
996,Linda Williams,22,21-09-2003,Mexico,Jalisco,Guadalajara,62383,472 Oak St,Male
997,Robert Smith,40,06-01-1985,India,Maharashtra,Pune,618823,997 Cedar St,Female
998,Carlos Johnson,48,24-05-1977,India,Karnataka,Bangalore,264145,541 Washington St,Male
999,Priya Martinez,66,01-06-1959,Canada,Ontario,Ottawa,66520,691 Washington St,Male
1000,David Lee,26,05-11-1999,Canada,Ontario,Hamilton,23904,85 Washington St,Female
